codigo,ean,stock,precio,promo,descripcion
12,30162662,4,58422.0,No Promo,LA ROCHE POSAY ANTHELIOS UV MUNE  SPF50+ ULT A FLUIDO SIN COLOR CREMA
12,30173644,5,32990.0,35%,LOREAL INFALLIBLE MORE THAN CONCELEAR env.329(      )
12,75027513,8,5270.0,No Promo,DOVE ORIGINAL DESODORANTE BARRA 50GR
12,75027537,4,5270.0,No Promo,DOVE INVISIBLE DRY DESODORANTE BARRA 50GR
12,75031060,2,6022.0,No Promo,DOVE MEN CARE CUIDADO TOTAL DESODORANTE BARR 50GR
12,75079437,32,11323.0,40%,DOVE CLINICAL ORIGINAL SOFT BARRA 58GR
12,75080136,8,5270.0,No Promo,DOVE ORIGINAL DESODORANTE BARRA 50GR
12,75080150,4,5270.0,No Promo,DOVE INVISIBLE DRY DESODORANTE BARRA 50GR
12,77020512,13,1500.0,No Promo,TIC TAC MENTA FRESH 16GR 16GR
12,77974457,7,2129.0,No Promo,REXONA ODORONO CREMA 60GR
12,77976239,10,2916.0,No Promo,DOVE ORIGINAL DEOSODORANTE ROLL ON 50ML
12,77987983,7,2129.0,No Promo,REXONA ODORONO CREMA 60GR
12,78009227,8,5270.0,No Promo,DOVE ORIGINAL DESODORANTE BARRA 50GR
12,78914407,10,2916.0,No Promo,DOVE ORIGINAL DEOSODORANTE ROLL ON 50ML
12,78924468,10,2916.0,No Promo,DOVE ORIGINAL DEOSODORANTE ROLL ON 50ML
12,78924529,3,2916.0,No Promo,DOVE INVISIBLE DRY DESOSORANTE FEM ROLL ON 5 ML
12,750310600,2,6022.0,No Promo,DOVE MEN CARE CUIDADO TOTAL DESODORANTE BARR 50GR
12,12800516049,7,8250.0,No Promo,RAYOVAC PILA AUDIOLOGIA tama_o 10 x6u (L010)
12,12800516063,5,7800.0,No Promo,RAYOVAC PILA AUDIOLOGIA tama_o 312 x6u (L312
12,41333014630,1,5000.0,2do80%,DURACELL PILAS AA 2 UNIDADES
12,41333045405,1,5000.0,2do80%,DURACELL PILAS AA 2 UNIDADES
12,41333045412,5,5000.0,2do80%,DURACELL PILAS AAA 2 UNIDADES
12,41333431482,5,5000.0,2do80%,DURACELL PILAS AAA 2 UNIDADES
12,41554081145,1,33990.0,35%,MAYBELLINE NY THE FALSIES SURREAL WASHABLE V RY BLACKJ MASCARA PESTAN
12,41554237726,1,19750.0,No Promo,MAYBELLINE SUPERSTAY 24COLOR 2STEP LC ???(EVERLASTICK)
12,41554460834,1,21490.0,35%,MAYBELLINE MASTER PRECISE SKINY 0001(BLACK)
12,47400179240,1,6829.0,No Promo,GILLETTE MACH3 EXTRA RESPUESTO 2 UNIDADES
12,47400179290,1,6829.0,No Promo,GILLETTE MACH3 EXTRA RESPUESTO 2 UNIDADES
12,47400241459,4,9000.0,No Promo,GILLETTE FOAMY MENTOL ESPUMA 312GR
12,70330717510,2,3365.0,No Promo,BIC COMFORT 3 MAQUINA DE AFEITAR 2 UNIDADES 943123
12,70330717527,6,3365.0,No Promo,BIC COMFORT 3 SENSITIVE MAQUINA DE AFEITAR 2 UNIDADES - 943125
12,70330731745,2,4090.0,No Promo,BIC SOLEIL MAQUINA DE AFEITAR ROSA Y VIOLETA 2 UNIDADES - 930270
12,70330731806,16,2168.0,No Promo,BIC SOLEIL MAQUINITA DE AFEITAR ROSA 1 UNIDA (BLISTER)
12,70330736559,1,2600.0,No Promo,BIC FLEX 3 EXTRA SUAVE CELESTE MAQUINITA DE FEITAR 1 UNIDAD (BLISTER
12,70942002110,3,4565.0,No Promo,GUM CLASSIC 211 SUAVE + FLOSSERS CEPILLO DEN AL 1 UNIDAD
12,70942004114,4,4565.0,No Promo,GUM CLASSIC 411 CEPILLO DENTAL + FLOSSERS 1 NIDAD
12,70942304726,1,4392.0,No Promo,GUM FLOSSER MULTIPLE ACTION MENTA 40 UNIDADE
12,70942507233,5,4248.0,No Promo,GUM ORTHODONTIC CERA DE ORTODONCIA VIT E 5 U IDADES
12,70942904148,1,6098.0,No Promo,GUM PROXABRUSH 414 RESPUESTOS CEPILLOS INTER ENTALES 8 UNIDADES
12,73796612320,1,110162.0,No Promo,OMRON TENSIOMETRO MU�ECA HEM 6123
12,74170469813,2,14700.0,No Promo,SH-TOP COAT 3.0 SHINY
12,79400052919,2,11618.0,No Promo,REXONA CLINICAL MEN ANTI TRANSPIRANTE SOFT C EAN BARRA 48GR
12,79400052926,2,11169.0,No Promo,REXONA CLINICAL WOM ANTI TRANSPIRANTE CLASIC BARRA 48GR
12,79400103147,32,11323.0,40%,DOVE CLINICAL ORIGINAL SOFT BARRA 58GR
12,79400110695,14,11171.0,No Promo,REXONA CLINICAL WOM ANTI TRANSPIRANTE CLEAN RESH BARRA 48GR
12,79400301161,1,11169.0,No Promo,REXONA CLINICAL WOM ANTI TRANSPIRANTE EXTRA RY BARRA 48GR
12,79400509048,22,11593.0,30%,DOVE VITA MIN CARE RASPBEYROSE DESODORANTE E BARRA 74GR
12,79400509062,22,11593.0,30%,DOVE VITA MIN CARE COCOYSHEA DESODORANTE EN ARRA 74GR
12,79400509093,23,11593.0,30%,DOVE VITA MIN CARE LAVENYCHAM DESODORANTE EN BARRA 74GR
12,99176316565,9,4760.0,No Promo,COLGATE MAX WHITE MEDIO 2X1 CEPILLO DENTAL 2 UNIDADES
12,309970215842,2,23700.0,20%,REVLON COLORSTAY LIMITLESS MATTE LIQUID LABI L LIQUIDO 010
12,650240011290,3,13260.0,No Promo,GOICOECHEA cr.diabetex x 400 g
12,650240068676,4,29425.0,No Promo,CICATRICURE ANTIARRUGAS SERUM Serum x 30 ml
12,762860013476,3,54421.0,No Promo,SILFAB AEROCAMARA AEROCHAMBER PEDIATRICA (AM RILLA)
12,779628528933,14,8427.0,No Promo,EVAGINA gel pomo x 50 ml
12,779818277875,4,21600.0,No Promo,CEPAGE HYDRAFIRM H20 SOLUCION MICELAR SENSIB E 245ML
12,2702018072402,13,8794.0,No Promo,GILLETTE VENUS SIMPLY maq.x4u
12,3014260273903,3,9000.0,No Promo,GILLETTE FOAMY REGULAR ESPUMA 312GR
12,3014260273910,3,9000.0,No Promo,GILLETTE FOAMY SENSITIVE ESPUMA 312GR
12,3086123549982,3,10953.0,No Promo,BIC SOLEIL CLIC MAQUINA DE AFEITAR CON 5 RES UESTO - 968723
12,3086123549999,11,9305.0,No Promo,BIC FLEX 3 HYBRID MAQUINA DE AFEITAR CON 5 R SPUESTOS - 968777
12,3337871321826,2,67317.0,No Promo,VICHY IDEAL SOLEIL PROTECTOR SOLAR SPF30+ FA ILY MILK POMO 300ML
12,3337871323639,1,67416.0,No Promo,VICHY IDEAL SOLEI SPF50 KIDS LAIT PROTECTOR OLAR POMO 300ML
12,3337872412264,1,76826.0,No Promo,LRP HYDRAPHASE INTENSE RICA env.x50ml
12,3337872413322,1,86945.0,No Promo,LA ROCHE POSAY TOLERIANE ROSALIAC POMO 40ML LR65
12,3337875528108,1,73242.0,No Promo,LA ROCHE POSAY AGUA MICELAR ULTRA PIELES REA TIVAS 400ML- LR125
12,3337875545891,2,52606.0,No Promo,LA ROCHE POSAY ANTHELIOS XL SPF50 CON COLOR OQUE SECO CREMA 50ML
12,3337875578486,1,51828.0,No Promo,LA ROCHE POSAY TOLERIANE SENSITIVE POMO 40ML LR139
12,3337875583626,1,104727.0,No Promo,LRP HYALU B5 SERUM fco.x30ml
12,3337875660617,1,82175.0,No Promo,VICHY DOBLE CORRECCION X 50ML
12,3337875695145,2,69727.0,No Promo,VICHY IDEAL SOLEIL PROTECTOR SOLAR SPF50+ AG A HIDRATANTE SPRAY 200ML
12,3337875696838,2,75734.0,No Promo,LA ROCHE POSAY ANTHELIOS PROTECTOR SOLAR SFP 0+ INVISIBLE SPRAY 200ML
12,3337875731409,1,76826.0,No Promo,LRP HYDRAPHASE INTENSE RICA env.x50ml
12,3337875757614,1,77659.0,No Promo,LA ROCHE POSAY TOLERIANE DERMALLERGO CREAM 4 ML - LR261
12,3337875761031,2,69577.0,No Promo,LA ROCHE POSAY ANTHELIOS PROTECTOR SOLAR FPS 0 AGE CORRECT SPRAY 50ML
12,3337875764032,4,58422.0,No Promo,LA ROCHE POSAY ANTHELIOS UV MUNE  SPF50+ ULT A FLUIDO SIN COLOR CREMA
12,3337875764353,1,69577.0,No Promo,LA ROCHE POSAY ANTHELIOS PROTECTOR SOLAR FPS 0 AGE CORRECT COLOR SPRA
12,3337875797597,4,58422.0,No Promo,LA ROCHE POSAY ANTHELIOS UV MUNE  SPF50+ ULT A FLUIDO SIN COLOR CREMA
12,3337875807043,1,86945.0,No Promo,LA ROCHE POSAY TOLERIANE ROSALIAC POMO 40ML LR65
12,3337875810838,2,83038.0,No Promo,VICHY CAPITAL SOLEIL  SPF50+  KIDS CELL PROT CT SPRAY 200ML
12,3337875810869,1,79084.0,No Promo,VICHY IDEAL SOLEIL PROTECTOR SOLAR SPF50+ BE CH PROTECT SPRAY 200ML
12,3337875839624,1,79608.0,No Promo,VICHY MINERAL 89 CREMA SIN FRAGANCIA 50ML
12,3433422406599,1,71705.0,No Promo,LA ROCHE POSAY TOLERIANE DESMAQUILLANTE 200M -LR169
12,3499320015530,1,42753.0,No Promo,CETAPHIL LIMPIADOR PARA PIEL GRASA limpiador liq.x 473 ml
12,3600522862383,1,41690.0,No Promo,LOREAL THE FUNDATION TRUE MATCH FLUIDA N1 (I ORE)
12,3600522862543,1,41690.0,No Promo,LOREAL THE FUNDATION TRUE MATCH FLUIDA W3 (B IGE DORE)
12,3600523918430,1,27730.0,No Promo,LOREAL OA TRUE MATCH CONCERT 3-5R
12,3600523919284,2,25913.0,No Promo,LOREAL OA TRUE MATCH CONCERT 3-5N
12,3600524026684,2,23870.0,No Promo,LOREAL INFALLIBLE GEL AUTO LINER ELECTRIC BL E 260
12,3600524057336,3,44295.0,30%,LOREAL REVITALIFT RETINOL NOCHE SERUM 30ML
12,3600531631383,1,19640.0,No Promo,MAYBELLINE FIT PRIMER MATTE SFP20 30ML
12,3600531631390,1,21990.0,No Promo,MAYBELLINE FIT ME PRIMER LUMI SMO NU INTER S P20 30ML
12,3600531647940,1,28390.0,No Promo,MAYBELLINE ACTIVE WEAR CORRECTOR  15 LIGHT
12,3600531647988,1,28390.0,No Promo,MAYBELLINE ACT WEAR CONCEALER 25 MRDIUM NU I T
12,3600541358485,1,15000.0,No Promo,GARNIER SKIN ACTIVE AGUA MICELAR 400ML
12,3607342493032,1,23591.0,No Promo,RIMMEL EXAGGERATE EYE LINER LIQUID BLACK x2. ml 003
12,3607343091282,3,6077.0,No Promo,PRET A PORTER DESODORANTE 200ML
12,3614220954011,1,31900.0,25%,RIMMEL MATCH PERFECTION FUNDATION RELAUNCH x1ux30ml 100(IVORY)
12,3616302989669,1,20408.0,No Promo,RIMMEL CORREC KING FREE VEGAN 020 LIGHT
12,3616304350481,2,23644.0,No Promo,RIMMEL LONDON LASTING MEGA MATTE LIQUIDO LAB AL 200 PINK BLINK 7.4ML
12,3616304350542,1,23644.0,No Promo,RIMMEL LONDON LASTING MEGA MATTE LIQUIDO LAB AL 700 BE MY BABY 7.4ML
12,4005800126550,2,61405.0,No Promo,EUCERIN SOLAR FPS30 TRANSPARENTE TOQUE SECO pr.x200ml
12,4005800137556,6,6465.0,No Promo,NIVEA CREME MULTIPROPOSITO LATA 150ML
12,4005800137679,12,3686.0,No Promo,NIVEA CREME MULTIPROPOSITO LATA 60GR
12,4005800338625,15,3559.0,No Promo,CURITAS TELA ELASTICA PARA DEDOS FLEX 16 UNI ADES
12,4005800630955,1,27838.0,No Promo,EUCERIN INTIMATE HYGIENE WASH PROTECTION flu do x250ml
12,4005800630958,1,27838.0,No Promo,EUCERIN INTIMATE HYGIENE WASH PROTECTION flu do x250ml
12,4005801265500,2,61405.0,No Promo,EUCERIN SOLAR FPS30 TRANSPARENTE TOQUE SECO pr.x200ml
12,4005808185276,1,6572.0,No Promo,NIVEA VISAGE DESMAQUILLANTE SUAVES TOALLITAS x25uni
12,4005808319695,3,10197.0,30%,NIVEA BODY MILK PXSECA cr.x400ml
12,4005808516674,15,18268.0,No Promo,NIVEA SUN KIDS SWIM & PLAY FPS 60 PROTECTOR OLAR CREMA 150ML
12,4005808553839,3,24440.0,30%,NIVEA VISAGE Q10 PLUS DIA ANTIARRUGA cr.x50m
12,4005808553846,1,23223.0,No Promo,NIVEA ENERGY Q10 NOCHE CREMA FACIAL 50ML
12,4005808555727,6,22004.0,No Promo,NIVEA SUN PROTECT & HYDRATE FPS30 CREMA 200M
12,4005808555796,1,18268.0,No Promo,NIVEA SUN SPF30 PROTECT&BRONZE emul.x200ml
12,4005808581214,1,53533.0,No Promo,EUCERIN SOLAR FPS50 ALLERGY cr/gel x150ml
12,4005808837311,2,4209.0,No Promo,NIVEA PEARL BEAUTY ANTITRANSPIRANTE DESODORA TE 150ML
12,4005808851324,3,5586.0,No Promo,NIVEA LABELLO VAINILLA PROTECTOR LABIAL 4.8
12,4005808944385,15,18268.0,No Promo,NIVEA SUN KIDS SWIM & PLAY FPS 60 PROTECTOR OLAR CREMA 150ML
12,4005808949724,15,18268.0,No Promo,NIVEA SUN KIDS SWIM & PLAY FPS 60 PROTECTOR OLAR CREMA 150ML
12,4005900086426,3,24440.0,30%,NIVEA VISAGE Q10 PLUS DIA ANTIARRUGA cr.x50m
12,4005900122186,7,4141.0,No Promo,NIVEA PROTECCTION Y CARE WOM A/T DESODORANTE 150ML
12,4005900169563,2,67846.0,No Promo,EUCERIN SOLAR FPS50 TRANSPARENTE TOQUE SECO pr.x200ml
12,4005900170996,65,1058.0,No Promo,CURITAS APOSITOS TELA ELASTICA 8 UNIDADES
12,4005900265227,2,65392.0,No Promo,EUCERIN SOLAR FPS50 FLUIDO ANTIJEDAD cr.x50m
12,4005900353054,12,4366.0,No Promo,NIVEA PROTECCTION Y CARE MEN DESODORANTE 150
12,4005900399946,1,10737.0,No Promo,NIVEA BODY LOC.COPORAL VAINILLA loc.x400ml
12,4005900515865,14,4331.0,No Promo,NIVEA MEN DEEP ORIGINAL ANTITRANSPIRANTE DES DORANTE 150ML
12,4005900764546,1,5586.0,No Promo,NIVEA LABELLO FRUITY SHINE MORA PROTECTOR LA IAL 4.8
12,4005900773821,2,15545.0,No Promo,NIVEA ROSE AGUA MICELAR BIFAS LOC x  400ML
12,4005900773838,1,12462.0,No Promo,NIVEA ROSE MICELAR GEL X  150ML
12,4005900773845,2,12462.0,No Promo,NIVEA ROSE LECHE Y TONICO MICELAR LOC X 200M
12,4005900776389,1,23223.0,No Promo,NIVEA ENERGY Q10 NOCHE CREMA FACIAL 50ML
12,4005900786470,2,32352.0,30%,NIVEA CELLULAR LUMINOUS ANTI MANCHAS SERUM X 50 ML
12,4005900806154,2,19083.0,No Promo,NIVEA ROSE CREMA HIALURONICO GEL X 50ML
12,4005900806161,2,19083.0,No Promo,NIVEA ROSE AGUA DE ROSAS LOC X 150ML
12,4005900839633,1,54814.0,No Promo,EUCERIN OIL CONTROL TINTED TONO MEDIO FPS50+ CREMA 50ML
12,4005900847058,3,5586.0,No Promo,NIVEA LABELLO VAINILLA PROTECTOR LABIAL 4.8
12,4005900887818,2,26608.0,30%,NIVEA CELLULAR LUMINOUS NOCHE CREMA 50ML
12,4005900899002,1,14943.0,No Promo,CURITAS APOSITOS AQUA PROTECT 3XL ESTERIL 10 15 5UNIDADES
12,4005900901378,14,4331.0,No Promo,NIVEA MEN DEEP ORIGINAL ANTITRANSPIRANTE DES DORANTE 150ML
12,4005900904249,1,8254.0,No Promo,NIVEA CREMA CORPORAR REPARADORA INTENSIVA 25 ML
12,4005900929143,12,4366.0,No Promo,NIVEA PROTECCTION Y CARE MEN DESODORANTE 150
12,4005900929150,2,4261.0,No Promo,NIVEA SENSITIVE PROTECT MEN A/T DESODORANTE 50ML
12,4005900940933,1,13641.0,No Promo,NIVEA MICELAR  LOCION  VITAMINA C X 400ML
12,4005900942791,3,6952.0,No Promo,CURITAS APOSITO FLEXIBLE XL 10 UNIDADES
12,4005900973795,7,4141.0,No Promo,NIVEA PROTECCTION Y CARE WOM A/T DESODORANTE 150ML
12,4005900973825,2,4209.0,No Promo,NIVEA PEARL BEAUTY ANTITRANSPIRANTE DESODORA TE 150ML
12,4005900980373,1,8254.0,No Promo,NIVEA CREMA CORPORAR REPARADORA INTENSIVA 25 ML
12,4005900984623,3,10197.0,30%,NIVEA BODY MILK PXSECA cr.x400ml
12,4005900985675,14,4331.0,No Promo,NIVEA MEN DEEP ORIGINAL ANTITRANSPIRANTE DES DORANTE 150ML
12,4005900985682,4,4124.0,No Promo,NIVEA MEN DEEP CARBON ACTIVO SIN SILICONAS D SODORANTE 150ML
12,4005900985705,2,4209.0,No Promo,NIVEA PEARL BEAUTY ANTITRANSPIRANTE DESODORA TE 150ML
12,4005900985811,1,6572.0,No Promo,NIVEA VISAGE DESMAQUILLANTE SUAVES TOALLITAS x25uni
12,4005900985828,18,6572.0,No Promo,NIVEA MICELAR 4EN1 TOALLITA DESMAQUILLANTE 25uni
12,4005900994776,1,55501.0,No Promo,EUCERIN HYDRO FLUID FPS 50 CREMA 50ML
12,4006000005478,2,5586.0,No Promo,NIVEA LABELLO ESSENTIAL ORIGINAL CARE PROTEC OR LABIAL 4.8
12,4006000005522,1,5586.0,No Promo,NIVEA LABELLO FRUITY SHINE MORA PROTECTOR LA IAL 4.8
12,4006000005539,3,5586.0,No Promo,NIVEA LABELLO VAINILLA PROTECTOR LABIAL 4.8
12,4006000011172,1,5204.0,No Promo,NIVEA CREMA CORPORAL Q10 PLUS COLLAGEN X 125 L
12,4006000016702,10,22004.0,No Promo,NIVEA SUN FPS 30 PROTECT & HYDRATE EMULCION 200ML
12,4006000023717,1,23223.0,No Promo,NIVEA ENERGY Q10 NOCHE CREMA FACIAL 50ML
12,4580193651389,24,5559.0,20%,CITIZEN TERMOMETRO DIGITAL CT301 1 UNIDAD
12,4580193651433,4,71272.0,20%,SILFAB TENSIOMETRO DIGITAL AUTOMATIO CHU304
12,4580193651440,4,77078.0,20%,CITIZEN TENSIOMETRO DIG.AUTOMATICO    c/MANG GDE CH305
12,5000252050292,5,7800.0,No Promo,RAYOVAC PILA AUDIOLOGIA tama_o 312 x6u (L312
12,5011417549247,6,10720.0,25%,VEET CREMA DEPILATORIA PSE p/DUCHA x150ml
12,5012874032945,1,16000.0,No Promo,RIMMEL HIGH THE BLEMISH correct.x1u002(SAND)
12,5054563054975,3,8729.0,No Promo,PARODONTAX COMPLETE P.75G DEN
12,6902395970101,1,37990.0,No Promo,MAYBELLINE SUPERSTAY LUMI MATTE BASE LIQUIDA 125
12,6920354824395,4,4964.0,No Promo,COLGATE NATURAL EXTRACS CARBON PURIFICANTE C EMA DENTAL 90GR
12,6923700940886,2,11555.0,No Promo,LOREAL REVITALIFT AC.HIALURONICO FRESHMIX ma c.x33g
12,6923700976977,2,11555.0,No Promo,LOREAL REVITALIFT AC.HIALURONICO FRESHMIX ma c.x33g
12,6941594500955,2,11555.0,No Promo,LOREAL REVITALIFT AC.HIALURONICO FRESHMIX ma c.x33g
12,7500435012072,7,5337.0,No Promo,PANTENE PRO-V RESTAURACION ACONDICIONADOR 20 ML
12,7500435012324,2,3616.0,No Promo,PANTENE PRO-V HIDRATACION ACONDICIONADOR 200 L
12,7500435106412,1,7350.0,No Promo,PANTENE PRO-V 3 MINUTE MICRACLE HIDRATACION XTRAMA ACONDICIONADOR 17
12,7500435125840,16,7371.0,No Promo,ALWAYS LINER RESPIRABLE toa.x40u
12,7500435137928,3,8104.0,No Promo,PANTENE PRO-V MIRACLES COLAGENO SHAMPOO 400M
12,7500435138505,6,5212.0,No Promo,GILLETTE VENUS SIMPLY 3 SENSITIVE MAQUINA AF ITAR 2 UNIDADES
12,7500435140560,10,3735.0,35%,ALWAYS XTRA NOCHES TRANQUILAS SUAVE TOALLITA FEMENINA 8 UNIDAES
12,7500435144223,6,5212.0,No Promo,GILLETTE VENUS SIMPLY 3 SENSITIVE MAQUINA AF ITAR 2 UNIDADES
12,7500435144230,2,9352.0,No Promo,GILLETTE VENUS SIMPLY SENSITIVE MAQUINA DE A EITAR 4 UNIDADES
12,7500435150262,6,9260.0,No Promo,ORAL B EXTRA BLANCO CREMA DENTAL 150GR
12,7500435155861,1,8041.0,No Promo,PANTENE PRO-V MIRACLES REVITALIZACION ACONDI IONADOR 400ML
12,7500435156523,16,7371.0,No Promo,ALWAYS LINER RESPIRABLE toa.x40u
12,7500435167833,3,6387.0,No Promo,ALWAYS MAXPROT NORMAL DIA SECA c/A toa.x16u
12,7500435167857,10,3735.0,35%,ALWAYS XTRA NOCHES TRANQUILAS SUAVE TOALLITA FEMENINA 8 UNIDAES
12,7500435168311,2,3616.0,No Promo,PANTENE PRO-V HIDRATACION ACONDICIONADOR 200 L
12,7500435168434,7,5337.0,No Promo,PANTENE PRO-V RESTAURACION ACONDICIONADOR 20 ML
12,7500435170345,1,7730.0,No Promo,GILLETTE VENUS SENSITIVE MAQUINA DESCARTABLE 2 UNIDADES
12,7500435173100,2,5260.0,No Promo,GILLETTE VENUS SUAVE Y LISA CREMA PROTECTORA PARA AFEITADO MAQUINA 15
12,7500435176415,7,5337.0,No Promo,PANTENE PRO-V RESTAURACION ACONDICIONADOR 20 ML
12,7500435178570,2,5381.0,No Promo,GILLETTE CUERPO MAQUINA DESCARTABLE X 2UNID
12,7500435178631,3,11049.0,No Promo,GILLETTE MACH3 CUERPO MAQUINA AFEITAR 1 UNID D
12,7500435178662,3,9029.0,No Promo,GILLETTE MACH3 CUERPO BASE 2 CARTUCHOS HOJA FEITAR
12,7500435178761,16,7371.0,No Promo,ALWAYS LINER RESPIRABLE toa.x40u
12,7500435178860,3,6387.0,No Promo,ALWAYS MAXPROT NORMAL DIA SECA c/A toa.x16u
12,7500435178907,10,3735.0,35%,ALWAYS XTRA NOCHES TRANQUILAS SUAVE TOALLITA FEMENINA 8 UNIDAES
12,7500435184571,3,4898.0,No Promo,GILLETTE VENUS SIMPLY MAQUINA 2UNIDADES
12,7500435184588,13,8794.0,No Promo,GILLETTE VENUS SIMPLY maq.x4u
12,7500435184595,6,5212.0,No Promo,GILLETTE VENUS SIMPLY 3 SENSITIVE MAQUINA AF ITAR 2 UNIDADES
12,7500435184618,1,7730.0,No Promo,GILLETTE VENUS SENSITIVE MAQUINA DESCARTABLE 2 UNIDADES
12,7500435184625,2,9352.0,No Promo,GILLETTE VENUS SIMPLY SENSITIVE MAQUINA DE A EITAR 4 UNIDADES
12,7500435184649,4,9243.0,No Promo,PANTENE PRO-V VOLUME MULTIPLIER BAMBU COLAGE O ACONDICIONADOR 235ML
12,7500435184694,2,9243.0,No Promo,PANTENE PRO-V INSTAT FRIZZ CONTROL COLAGENO CONDICIONADOR 235ML
12,7500435185196,7,6100.0,No Promo,GILLETTE MACH3 SENSITIVE RESPUESTO 2 UNIDADE
12,7500435185219,3,13154.0,No Promo,GILLETTE MACH3 SENSITIVE RESPUESTO 4 UNIDADE
12,7500435185271,1,5046.0,No Promo,GILLETTE PRESTOBARBA 3 MAQUINA 2 UNIDADES
12,7500435186780,4,9000.0,No Promo,GILLETTE FOAMY MENTOL ESPUMA 312GR
12,7500435190473,5,23837.0,No Promo,GILLETTE FUSION 5 PROSHIELD MAQUINA 1UNIDAD
12,7500435191753,1,12107.0,No Promo,GILLETTE VENUS SENSITIVE CON ALOE MAQUINA 1U IDAD
12,7500435191838,1,8582.0,No Promo,GILLETTE VENUS BREEZE RESPUESTO 2 UNIDADES
12,7500435192989,16,7371.0,No Promo,ALWAYS LINER RESPIRABLE toa.x40u
12,7500435193061,3,6387.0,No Promo,ALWAYS MAXPROT NORMAL DIA SECA c/A toa.x16u
12,7500435193108,10,3735.0,35%,ALWAYS XTRA NOCHES TRANQUILAS SUAVE TOALLITA FEMENINA 8 UNIDAES
12,7500435193474,2,15740.0,No Promo,GILLETTE VENUS BREEZE MAQUINA 1UNIDAD
12,7500435198097,1,6829.0,No Promo,GILLETTE MACH3 EXTRA RESPUESTO 2 UNIDADES
12,7500435198103,10,9586.0,No Promo,GILLETTE MACH3 EXTRA RESPUESTO 3 UNIDADES
12,7500435198110,3,10660.0,No Promo,GILLETTE MACH3 EXTRA MAQUINA 1UNIDAD
12,7500435198134,2,16158.0,No Promo,GILLETTE MACH3 EXTRA RESPUESTO 6 UNIDADES
12,7500435203975,3,5348.0,No Promo,GILLETTE VENUS INTIMA MUJER MAQUINA X 2
12,7500435203982,3,9531.0,No Promo,GILLETTE VENUS INTIMA MUJER MAQUINA X 4
12,7500435204026,6,22117.0,No Promo,GILLETTE VENUS SKIN INTIMA  MAQUINA AFEITAR UNIDAD
12,7500435204040,3,17294.0,No Promo,GILLETTE VENUS SKIN INTIMA CARTUCHOS 2 UNIDA ES
12,7500435204781,8,9260.0,No Promo,ORAL B COMPLETE 4EN1 CREMA DENTAL 180GR
12,7500435206396,1,7730.0,No Promo,GILLETTE VENUS SENSITIVE MAQUINA DESCARTABLE 2 UNIDADES
12,7500435206402,3,4898.0,No Promo,GILLETTE VENUS SIMPLY MAQUINA 2UNIDADES
12,7500435206661,1,3204.0,No Promo,ALWAYS XTRA DOBLE PROTECCION SECA TOALLITA H GIENICA 8 UNIDADES
12,7500435209632,2,4922.0,No Promo,PANTENE PRO-V MIRACLES EQUILIBRIO SHAMPOO 20 ML
12,7500435209694,3,8041.0,No Promo,PANTENE PRO-V MIRACLES EQUILIBRIO SHAMPOO 40 ML
12,7500435211635,3,15251.0,No Promo,GILLETTE MACH 3 CARBONO RESPUESTO 4UNIDADES
12,7500435211840,7,5337.0,No Promo,PANTENE PRO-V RESTAURACION ACONDICIONADOR 20 ML
12,7500435211963,2,3616.0,No Promo,PANTENE PRO-V HIDRATACION ACONDICIONADOR 200 L
12,7500435212342,1,17109.0,No Promo,PANTENE PRO-V MIRACLES EQUILIBRIO RAIZ Y PUN AS SERUM 95ML
12,7500435219112,1,5209.0,No Promo,ALWAYS COMFORT  FINA SUAVE C/ALAS DIA TOA X 6UNI
12,7500435219648,2,5881.0,No Promo,GILLETTE FOAMY PIEL SENSIBLE ESPUMA 175GR
12,7500435219655,3,9000.0,No Promo,GILLETTE FOAMY SENSITIVE ESPUMA 312GR
12,7500435219662,4,9000.0,No Promo,GILLETTE FOAMY MENTOL ESPUMA 312GR
12,7500435224604,3,9000.0,No Promo,GILLETTE FOAMY REGULAR ESPUMA 312GR
12,7500435225366,5,7833.0,25%,GILLETTE MACH 3 CARBONO  CARTUCHO 2 UNIDADES
12,7500435229487,11,3986.0,No Promo,ALWAYS XTRA NOCHES TRANQUILAS SECA TOALLITA EMENINA 8 UNIDADES
12,7500435229494,15,7868.0,No Promo,ALWAYS XTRA NOCHES TRANQUILAS SECA TOALLITA EMENINA 16 UNIDADES
12,7500435229500,10,3735.0,35%,ALWAYS XTRA NOCHES TRANQUILAS SUAVE TOALLITA FEMENINA 8 UNIDAES
12,7500435229517,6,6465.0,35%,ALWAYS NOCHES TRANQUILAS SUAVE  X16 TOALLITA
12,7500435229531,12,4716.0,35%,ALWAYS XTRA DOBLE PROTECCION SUAVE TOALLITA EMENINA 16 UNIDADES
12,7500435229562,5,5467.0,No Promo,ALWAYS XTRA DOBLE PROTECCION SECA TOALLITA F MENINA 16 UNIDADES
12,7500435229579,1,3204.0,No Promo,ALWAYS XTRA DOBLE PROTECCION SECA TOALLITA H GIENICA 8 UNIDADES
12,7500435229586,3,6387.0,No Promo,ALWAYS MAXPROT NORMAL DIA SECA c/A toa.x16u
12,7500435229609,41,5196.0,No Promo,ALWAYS XTRA TRIPLE PROTECCION SUAVE TOALLITA FEMENINA 16 UNIDADES
12,7500435229821,3,8041.0,No Promo,PANTENE PRO-V MIRACLES DETOX SHAMPOO 400ML
12,7500435230018,1,8041.0,No Promo,PANTENE PRO-V MIRACLES EQUILIBRIO ACONDICION DOR 400ML
12,7500435230070,1,4922.0,No Promo,PANTENE PRO-V MIRACLES HIDRATA ACONDICIONADO 200ML
12,7500435230094,22,8041.0,No Promo,PANTENE PRO-V MIRACLES HIDRATA Y FORTALECE S AMPOO 400ML
12,7500435230100,6,4922.0,No Promo,PANTENE PRO-V MIRACLES HIDRATA Y FORTALECE S AMPOO 200ML
12,7500435230117,1,8041.0,No Promo,PANTENE PRO-V MIRACLES HIDRATA ACONDICIONADO 400ML
12,7500435233026,3,10765.0,No Promo,ALWAYS  RESPIRABLE SIN PERFUME 80 UNIDADES
12,7500435233033,15,5157.0,No Promo,ALWAYS LINERS PLUS RESPIRABLE 40 PRO DIA
12,7500435235297,2,8041.0,No Promo,PANTENE PRO-V MIRACLES VOLUMEN SHAMPOO 400ML
12,7500435235310,1,4922.0,No Promo,PANTENE PRO-V MIRACLES VOLUMEN SHAMPOO 200ML
12,7500435235372,1,4922.0,No Promo,PANTENE PRO-V MIRACLES LISO INFINITO ACONDIC ONADOR 200ML
12,7500435235396,5,8041.0,No Promo,PANTENE PRO-V MIRACLES LISO INFINITO SHAMPOO 400ML
12,7500435235402,9,4922.0,No Promo,PANTENE PRO-V MIRACLES LISO INFINITO SHAMPOO 200ML
12,7500435235426,1,8041.0,No Promo,PANTENE PRO-V MIRACLES REVITALIZACION ACONDI IONADOR 400ML
12,7500435235433,10,4922.0,No Promo,PANTENE PRO-V MIRACLES REVITALIZACION ACONDI IONADOR 200ML
12,7500435235457,1,8041.0,No Promo,PANTENE PRO-V MIRACLES REVITALIZACION SHAMPO 400ML
12,7500435235464,6,4922.0,No Promo,PANTENE PRO-V MIRACLES REVITALIZACION SHAMPO 200ML
12,7500435237536,1,51531.0,No Promo,PAMPERS DELUXE PROTECTION M 72 UNIDADES
12,7500435241090,1,4922.0,No Promo,PANTENE PRO-V MIRACLES KERATINA REPARA Y PRO EGE ACONDICIONADOR 200ML
12,7501007465562,6,4922.0,No Promo,PANTENE PRO-V MIRACLES REVITALIZACION SHAMPO 200ML
12,7501054542896,4,3039.0,No Promo,CURITAS APOSITOS DISNEY FROZEN 20 UNIDADES
12,7501058769541,6,10720.0,25%,VEET CREMA DEPILATORIA PSE p/DUCHA x150ml
12,7501843502919,10,9305.0,No Promo,BIC FLEX 3 HYBRID SENSITIVE MAQUINA DE AFEIT R CON 5 RESPUESTOS - 971
12,7501843502926,6,11069.0,No Promo,BIC SOLEIL CLIC SENSITIVE MAQUIINA DE AFEITA CON 5 RESPUESTO - 96977
12,7501843503374,12,2177.0,No Promo,BIC FLEX 3 MAQUINA DE AFEITAR 1 UNIDAD
12,7501843503923,3,7648.0,No Promo,BIC SOLEIL ESCAPE MAQUINA DE AFEITAR ROSAS Y MAGNOLIA 3 UNIDADES - 51
12,7506306214972,6,6057.0,40%,REXONA CLINICAL MEN CLEAN DESODORANTE  96HS 10ML
12,7506306214989,20,6057.0,40%,REXONA CLINICAL WOM CLASSIC DESODORANTE 96HS 150ML
12,7506306241176,4,4478.0,No Promo,DOVE INVISIBLE DRY DESODORANTE FEM 169ML
12,7506306241183,41,4478.0,No Promo,DOVE ORIGINAL DESODORANTE 169ML
12,7506306249974,13,4404.0,40%,AXE AQUA CITRUS DESODORANTE 150ML
12,7506306249981,23,4404.0,40%,AXE BLUE LAVANDA DESODORANTE 150ML
12,7506306249998,21,4404.0,40%,AXE GREEN GERANIUM DESODORANTE 150ML
12,7506306252806,4,10541.0,30%,DOVE HIALURONICO PIEL SECA Y EXTRA SECA CORP RAL SERUM 200ML
12,7506306252820,5,11499.0,30%,DOVE PRO-RETINOL FIRMEZA Y ELASTICIDAD CORPO AL SERUM 200ML
12,7506306252837,5,11499.0,30%,DOVE NICINAMIDA TONO UNIFORME CORPORAL SERUM 200ML
12,7506306252844,3,19164.0,30%,DOVE PANTENOL PIEL SENSIBLE Y EXTRA SECA COR ORAL SERUM 400ML
12,7506306252868,12,17567.0,30%,DOVE PRO-CERAMIDAS PIEL SECA CORPORAL SERUM 00ML
12,7506306252875,4,19164.0,30%,DOVE NIACINAMIDA TONO UNIDORME CORPORAL SERU 400ML
12,7506306252882,7,19164.0,30%,DOVE PRO-RETINOL FIRMEZA Y ELASTICIDAD CORPO AL SERUM 400ML
12,7506306252974,4,11499.0,30%,DOVE PANTENOL PIEL SENSIBLE Y EXTRA SECA COR ORAL SERUM 200ML
12,7506306253162,4,14519.0,30%,DOVE TALONES AGRIETADOS BALSAMO CONCENTRADO 0GR
12,7506306255050,5,4404.0,40%,AXE CHERRY SPRYTS DESODORANTE 150ML
12,7506306255067,9,4404.0,40%,AXE PEACH INFUSION DESODORANTE 150ML
12,7506309839233,2,7213.0,No Promo,OLD SPICE WOLFTHORN DESO.BARRA x50gr AT
12,7506309864839,7,8800.0,No Promo,GILLETTE ENDURANCE COOL WAVE A/T DESO.x150ml
12,7506309877778,7,5337.0,No Promo,PANTENE PRO-V RESTAURACION ACONDICIONADOR 20 ML
12,7506339315479,2,15740.0,No Promo,GILLETTE VENUS BREEZE MAQUINA 1UNIDAD
12,7506339315486,1,12107.0,No Promo,GILLETTE VENUS SENSITIVE CON ALOE MAQUINA 1U IDAD
12,7506339315899,1,8582.0,No Promo,GILLETTE VENUS BREEZE RESPUESTO 2 UNIDADES
12,7506339315905,3,6875.0,No Promo,GILLETTE VENUS ESSENTIAL CARE CON ALOE RESPU STOS 2 UNIDADES
12,7506339323160,10,9586.0,No Promo,GILLETTE MACH3 EXTRA RESPUESTO 3 UNIDADES
12,7506339323184,2,16158.0,No Promo,GILLETTE MACH3 EXTRA RESPUESTO 6 UNIDADES
12,7506339391541,3,6387.0,No Promo,ALWAYS MAXPROT NORMAL DIA SECA c/A toa.x16u
12,7506339398151,7,6100.0,No Promo,GILLETTE MACH3 SENSITIVE RESPUESTO 2 UNIDADE
12,7506460101088,2,7188.0,25%,VEET EASY-GEL CERA DEPILATORIA BANDAS AXILAS Y BIKINI 16 UNIDADES
12,7509546055152,1,5603.0,No Promo,COLGATE 360 WHITE MEDIO 2X1 CEPILLO DENTAL 2 UNIDADES
12,7509546061689,35,8680.0,2x1,COLGATE SLIM SOFT BLACK SUAVE 2X1 CEPILLO DE TAL 2 UNIDADES
12,7509546069609,57,7745.0,2x1,COLGATE LUMINOUS WHITE INSTANT CREMA DENTAL 0GR
12,7509546073453,2,1956.0,No Promo,COLGATE KIDS +5A PACK 2X1 CEPILLO DENTAL 2 U IDADES
12,7509546659091,18,1295.0,No Promo,PALMOLIVE NATURALS SENSACION PURIFICANTE CAR ON 150GR 1 UNIDAD
12,7509546666044,99,8868.0,No Promo,COLGATE LUMINOUS WHITE BRILLIANT CREMA DENTA 140GR
12,7509546666983,29,9398.0,2x1,COLGATE LUMINOUS WHITE CARBON ENJUAGUE BUCAL 500ML
12,7509546673042,5,4202.0,No Promo,COLGATE ZIGZAG CARBON CEPILLO DENTAL 2 UNIDA ES
12,7509546674773,2,2779.0,No Promo,PALMOLIVE FRESCURA PURIFICANTE CARBON JABON 0GR 3 UNIDADES
12,7509546677712,2,9052.0,No Promo,COLGATE TOTAL 12 PROFESIONAL WHITENING CREMA DENTAL 140G
12,7509546679402,99,8868.0,No Promo,COLGATE LUMINOUS WHITE BRILLIANT CREMA DENTA 140GR
12,7509546683386,2,2779.0,No Promo,PALMOLIVE FRESCURA PURIFICANTE CARBON JABON 0GR 3 UNIDADES
12,7509546683409,1,2779.0,No Promo,PALMOLIVE RENOVACION HUMECTANTE ALGA Y ACEIT ALMENDRAS JABON 90GR 3
12,7509546686592,5,6063.0,No Promo,COLGATE TOTAL12 CLEAN MINT ENJUEGUE BUCAL 25 ML
12,7509546686677,16,8702.0,No Promo,COLGATE LUMINOUS WHITE PLAX  ENJUAGUE BUCAL 00ML
12,7509546686912,22,6171.0,2x1,COLGATE SENSITIVE PRO ALIVIO CEPILLO DENTAL UNIDAD
12,7509546688367,2,9052.0,No Promo,COLGATE TOTAL 12 PROFESIONAL WHITENING CREMA DENTAL 140G
12,7509546688978,99,8868.0,No Promo,COLGATE LUMINOUS WHITE BRILLIANT CREMA DENTA 140GR
12,7509546689326,27,1295.0,No Promo,PALMOLIVE FRESCURA NUTRITIVA MANDARINA Y ROM RO JABON 150GR 1 UNIDAD
12,7509546690285,26,6022.0,2x1,COLGATE SENSITIVE PRO ALIVIO XTREME CREMA DE TAL 110GR
12,7509546690315,2,4760.0,No Promo,COLGATE MAX WHITE CARBON CEPILLO DENTAL 2 UN DADES
12,7509552455557,1,15000.0,No Promo,GARNIER SKIN ACTIVE AGUA MICELAR 400ML
12,7509552857542,1,15404.0,No Promo,MAYBELLINE SUPER STAY MATTE INK PIONEER FRID 2.0 PIONEER 20 LABIAL L
12,7509552874204,2,16049.0,40%,ELVIVE OLEO EXTRAORDINARIO CAPILAR 100ML
12,7509552875638,1,14990.0,No Promo,VOGUE BASE POLVO RESIST 12HS BRONCE 9GR
12,7509552875652,1,14990.0,No Promo,VOGUE BASE POLVO RESIST 12HS MIEL 9GR
12,7509552898255,4,36300.0,30%,LOREAL REVITALIFT PRO-RETINOL DIA FPS17 CREM 50GR
12,7509552904819,2,16049.0,40%,ELVIVE OLEO EXTRAORDINARIO CAPILAR 100ML
12,7509552930337,4,5469.0,No Promo,ELVIVE GLYCOLIC GLOSS ACONDICIONADOR  200ML
12,7509552930665,1,33000.0,30%,LOREAL PARIS GLYCOLIC BRISHT NIGHT CREMA 50M
12,7509552935998,2,33000.0,30%,LOREAL PARIS GLYCOLIC BRIGHT DAY SPF 30+ CRE A 50GR
12,7509552937343,3,5469.0,No Promo,ELVIVE GLYCOLIC GLOSS SHAMPOO 200ML
12,7702003008504,1,18268.0,No Promo,NIVEA SUN SPF30 PROTECT&BRONZE emul.x200ml
12,7702003010736,6,2078.0,No Promo,CURITAS APOSITOS Tela apos.x 20
12,7702003010743,65,1058.0,No Promo,CURITAS APOSITOS TELA ELASTICA 8 UNIDADES
12,7702003010750,44,1158.0,No Promo,CURITAS APOSITOS TELA ELASTICA 10 UNIDADES
12,7702003010774,6,1216.0,No Promo,CURITAS APOSITOS Transpiel apos.x 10
12,7702003010781,8,2078.0,No Promo,CURITAS APOSITOS Transpiel apos.x 20
12,7702003010798,10,2643.0,No Promo,CURITAS APOSITOS MANIA UNICORNIO 20 UNIDADES
12,7702003469299,8,2078.0,No Promo,CURITAS APOSITOS Transpiel apos.x 20
12,7702003469374,6,2078.0,No Promo,CURITAS APOSITOS Tela apos.x 20
12,7702003469381,6,1216.0,No Promo,CURITAS APOSITOS Transpiel apos.x 10
12,7702010130632,2,4481.0,No Promo,COLGATE TWISTER CON CAPUCHON CEPILLO DENTAL UNIDADES
12,7702018001071,3,10660.0,No Promo,GILLETTE MACH3 EXTRA MAQUINA 1UNIDAD
12,7702018013326,2,5881.0,No Promo,GILLETTE FOAMY PIEL SENSIBLE ESPUMA 175GR
12,7702018037865,7,6100.0,No Promo,GILLETTE MACH3 SENSITIVE RESPUESTO 2 UNIDADE
12,7702018037896,3,13154.0,No Promo,GILLETTE MACH3 SENSITIVE RESPUESTO 4 UNIDADE
12,7702018053469,6,5883.0,No Promo,GILLETTE FOAMY MENTOL ESPUMA 175GR
12,7702018053476,6,5883.0,No Promo,GILLETTE FOAMY MENTOL ESPUMA 175GR
12,7702018072217,1,7730.0,No Promo,GILLETTE VENUS SENSITIVE MAQUINA DESCARTABLE 2 UNIDADES
12,7702018072392,3,4898.0,No Promo,GILLETTE VENUS SIMPLY MAQUINA 2UNIDADES
12,7702018072408,13,8794.0,No Promo,GILLETTE VENUS SIMPLY maq.x4u
12,7702018072439,6,5212.0,No Promo,GILLETTE VENUS SIMPLY 3 SENSITIVE MAQUINA AF ITAR 2 UNIDADES
12,7702018072477,3,6875.0,No Promo,GILLETTE VENUS ESSENTIAL CARE CON ALOE RESPU STOS 2 UNIDADES
12,7702018072908,13,8794.0,No Promo,GILLETTE VENUS SIMPLY maq.x4u
12,7702018314836,3,4898.0,No Promo,GILLETTE VENUS SIMPLY MAQUINA 2UNIDADES
12,7702018382323,5,23837.0,No Promo,GILLETTE FUSION 5 PROSHIELD MAQUINA 1UNIDAD
12,7702018874729,1,5046.0,No Promo,GILLETTE PRESTOBARBA 3 MAQUINA 2 UNIDADES
12,7702018874781,3,4669.0,No Promo,GILLETTE PRESTOBARBA 3 WOM MAQUINA 2 UNIDADE
12,7702018983872,4,5595.0,No Promo,GILLETTE PRESTOBARBA 3 maq.desc.x2u (GRIS)
12,7702031244592,3,7433.0,No Promo,JOHNSON BABY TALCO 200GR
12,7702425543966,2,7570.0,No Promo,KOTEX TAMPON DIGITAL MEDIO 20 UNIDADES
12,7702632950922,4,2887.0,No Promo,PELLIZA PEINE AFRO RECTO blist.x1u 5240(MD)
12,7702632955026,5,1966.0,No Promo,PELLIZA PEINE BOLSILLO DIENTE FINO CAREY bli t.x1u 5241
12,7730188270225,1,9955.0,No Promo,DR SELBY AFTER SHAVE BALSAMO 100GR
12,7730188270492,4,7615.0,No Promo,DR SELBY ESPUMA DE AFEITAR 149GR
12,7730188370154,15,7190.0,No Promo,DR.SELBY PARA MANOS Y CUTICULAS CON AVENA cr x 75 g
12,7730188370239,5,7190.0,No Promo,DR.SELBY PARA MANOS CON ALOE VERA cr.x 75 g
12,7754981000100,92,9644.0,No Promo,SIEGFRIED REPELLWORK REPELENTE LOCION EN SPR Y 100ML
12,7790010002240,6,3610.0,No Promo,CAREFREE TODOS LOS DIAS PROTECCION 20 UNIDAD S
12,7790010002271,23,3610.0,No Promo,CAREFREE PROTECCION DIARIOS 20 UNIDADES
12,7790010002288,1,8988.0,No Promo,CAREFREE PROTECCION X 60 UNIDADES
12,7790010002301,1,10590.0,No Promo,CAREFREE TODOS LOS DIAS TANGA PROTEC X 60 UN DADES
12,7790010002318,3,4144.0,No Promo,CAREFREE LONGS DIARIOS PROTEC X 20 UNIDADES
12,7790010002325,8,10590.0,No Promo,CAREFREE LONGS DIARIOS PROTEC X 60UNIDADES
12,7790010002349,2,8493.0,No Promo,CAREFREE PROTECCION COMPACT X 80 UNIDADES
12,7790010002370,3,4027.0,No Promo,SIEMPRE LIBRE ADAPT PLUS ULTRA FINA SUAVE CO ALAS TOALLA FEMENINA 8
12,7790010002493,4,5761.0,No Promo,JOHNSON MANZANILLA ACONDICIONADOR 200ML
12,7790010002516,5,5761.0,25%,JOHNSON BABY ORIGINAL AC 200M
12,7790010002615,1,4024.0,No Promo,SIEMPRE LIBRE ADAPT PLUS NOCHE Y DIA SUAVE C N ALAS TOALLA FEMENINA 8
12,7790010002646,1,5885.0,No Promo,SIEMPRE LIBRE ADAPT PLUS ULTRA SUAVE CON ALA TOALLA FEMENINA 16 UNID
12,7790010002707,2,9336.0,No Promo,SIEMPRE LIBRE ADAPT PLUS NOCHE Y DIA SECA CO ALAS TOALLA FEMENINA 16
12,7790010002714,1,3358.0,35%,SIEMPRE LIBRE NORMAL SUAVE CON ALAS TOALLA F MENINA 8 UNIDADES
12,7790010002752,3,4027.0,No Promo,SIEMPRE LIBRE ADAPT PLUS ULTRA FINA SUAVE CO ALAS TOALLA FEMENINA 8
12,7790010002790,3,4144.0,No Promo,CAREFREE LONGS DIARIOS PROTEC X 20 UNIDADES
12,7790010002806,8,10590.0,No Promo,CAREFREE LONGS DIARIOS PROTEC X 60UNIDADES
12,7790010002820,6,3610.0,No Promo,CAREFREE TODOS LOS DIAS PROTECCION 20 UNIDAD S
12,7790010002851,5,4144.0,35%,CAREFREE BRISA TANGA SIN PROTECCION X 20 UNI ADES
12,7790010002868,1,10590.0,No Promo,CAREFREE TODOS LOS DIAS TANGA PROTEC X 60 UN DADES
12,7790010002875,23,3610.0,No Promo,CAREFREE PROTECCION DIARIOS 20 UNIDADES
12,7790010002882,1,8988.0,No Promo,CAREFREE PROTECCION X 60 UNIDADES
12,7790010002899,2,8493.0,No Promo,CAREFREE PROTECCION COMPACT X 80 UNIDADES
12,7790010003247,4,5761.0,No Promo,JOHNSON MANZANILLA ACONDICIONADOR 200ML
12,7790010003261,5,5761.0,25%,JOHNSON BABY ORIGINAL AC 200M
12,7790010436083,2,9336.0,No Promo,SIEMPRE LIBRE ADAPT PLUS NOCHE Y DIA SECA CO ALAS TOALLA FEMENINA 16
12,7790010540223,5,5761.0,25%,JOHNSON BABY ORIGINAL AC 200M
12,7790010540247,4,5761.0,No Promo,JOHNSON MANZANILLA ACONDICIONADOR 200ML
12,7790010570268,5,4144.0,35%,CAREFREE BRISA TANGA SIN PROTECCION X 20 UNI ADES
12,7790010570671,4,5761.0,No Promo,JOHNSON MANZANILLA ACONDICIONADOR 200ML
12,7790010570695,1,3358.0,35%,SIEMPRE LIBRE NORMAL SUAVE CON ALAS TOALLA F MENINA 8 UNIDADES
12,7790010570787,1,5885.0,No Promo,SIEMPRE LIBRE ADAPT PLUS ULTRA SUAVE CON ALA TOALLA FEMENINA 16 UNID
12,7790010570862,1,4024.0,No Promo,SIEMPRE LIBRE ADAPT PLUS NOCHE Y DIA SUAVE C N ALAS TOALLA FEMENINA 8
12,7790010570879,2,9336.0,No Promo,SIEMPRE LIBRE ADAPT PLUS NOCHE Y DIA SECA CO ALAS TOALLA FEMENINA 16
12,7790010596602,1,5885.0,No Promo,SIEMPRE LIBRE ADAPT PLUS ULTRA SUAVE CON ALA TOALLA FEMENINA 16 UNID
12,7790010599276,3,4027.0,No Promo,SIEMPRE LIBRE ADAPT PLUS ULTRA FINA SUAVE CO ALAS TOALLA FEMENINA 8
12,7790010614849,1,3358.0,35%,SIEMPRE LIBRE NORMAL SUAVE CON ALAS TOALLA F MENINA 8 UNIDADES
12,7790010616737,6,3610.0,No Promo,CAREFREE TODOS LOS DIAS PROTECCION 20 UNIDAD S
12,7790010616775,1,10590.0,No Promo,CAREFREE TODOS LOS DIAS TANGA PROTEC X 60 UN DADES
12,7790010616782,23,3610.0,No Promo,CAREFREE PROTECCION DIARIOS 20 UNIDADES
12,7790010616799,1,8988.0,No Promo,CAREFREE PROTECCION X 60 UNIDADES
12,7790010616805,3,4144.0,No Promo,CAREFREE LONGS DIARIOS PROTEC X 20 UNIDADES
12,7790010616812,8,10590.0,No Promo,CAREFREE LONGS DIARIOS PROTEC X 60UNIDADES
12,7790010616836,2,8493.0,No Promo,CAREFREE PROTECCION COMPACT X 80 UNIDADES
12,7790010668514,5,5761.0,25%,JOHNSON BABY ORIGINAL AC 200M
12,7790010960076,3,7433.0,No Promo,JOHNSON BABY TALCO 200GR
12,7790040003569,2,2100.0,2x1,BAGLEY REX GALLETITAS 75GR
12,7790064000124,10,2180.0,No Promo,ESTRELLA ALGODON CLASICO 140GR
12,7790064000230,1,1773.0,No Promo,ESTRELLA ALGODON PREMIUM 75GR
12,7790064000247,1,2581.0,No Promo,ESTRELLA ALGODON PREMIUM 150GR
12,7790064001701,12,1711.0,No Promo,ESTRELLA ALGODON SUPER 100GR
12,7790064001718,8,3164.0,No Promo,ESTRELLA ALGODON SUPER 200GR
12,7790064001725,4,5820.0,No Promo,ESTRELLA ALGODON SUPER 400GR
12,7790064001909,12,2564.0,No Promo,ESTRELLA DISCOS DESMAQUILLANTES 80GR
12,7790064002029,3,2743.0,No Promo,ESTRELLA ALGODON POMPON 50GR
12,7790070432315,2,1000.0,No Promo,GALLO FRUTIBAR FRU/R 20G 20G
12,7790299003525,6,15932.0,No Promo,ZONO PROTECTOR SOLAR FPS30 CREMA 120ML
12,7790299003549,1,17200.0,No Promo,ZONO PROTECTOR SOLAR FPS 50 LOCION 120ML
12,7790371000039,1,11893.0,No Promo,DE PREAL GEL FIJADOR FUERTE 1KG
12,7790371000121,3,7081.0,No Promo,DE PREAL GEL FIJADOR FUERTE  X 500GR
12,7790371000169,1,5287.0,No Promo,DE PREAL GEL  BRILLO MOJADO X 250G
12,7790371003337,1,5287.0,No Promo,DE PREAL GEL FIJADOR FUERTE X 250GR
12,7790371003474,3,7081.0,No Promo,DE PREAL GEL FIJADOR NORMAL X 500GR
12,7790371003559,3,7081.0,No Promo,DE PREAL GEL EFECTO HUMEDO X 500GR
12,7790375001308,3,17497.0,No Promo,BAGOVIT A EMULSION PIEL EXTRA SECA emuls.x 3 0 ml
12,7790375245061,1,11936.0,No Promo,BAGOVIT A Light cr.x 100 g
12,7790375267285,1,16428.0,No Promo,BAGOVIT A Emuls.x 350 m c/dosific.
12,7790375268220,1,23842.0,No Promo,BAGOVIT FACIAL PRO BIO Cr.d�a x 55 g
12,7790375268473,5,23828.0,No Promo,BAGOVIT SOLAR FPS45 facial color x 50g
12,7790375268671,2,32135.0,No Promo,BAGOVIT FACIAL PRO LIFTING Cr.t/tipo piel x 5 g
12,7790375268787,1,9465.0,No Promo,BAGOVIT A Classic cr.x 50 g
12,7790375268862,1,32203.0,No Promo,BAGOVIT FACIAL PRO ESTRUCTURA Cr. noche x 55 g
12,7790375269692,1,7985.0,No Promo,BAGOVIT CAPILAR PELO LARGO Y S/FRIZZ shampoo x 350 ml
12,7790375269708,5,7985.0,No Promo,BAGOVIT CAPILAR REPARACION INTENSIVA shampoo x 350 ml
12,7790375269739,1,7985.0,No Promo,BAGOVIT CAPILAR NUTRICION PROFUNDA acond. x 50 ml
12,7790375269746,3,7985.0,No Promo,BAGOVIT CAPILAR PELO LARGO Y S/FRIZZ acond. 350 ml
12,7790375269753,3,7985.0,No Promo,BAGOVIT CAPILAR REPARACION INTENSIVA acond. 350 ml
12,7790375269784,3,7925.0,No Promo,BAGOVIT CAPILAR PELO LARGO Y S/FRIZZ crema p peinar x 200 ml
12,7790375270322,5,23828.0,No Promo,BAGOVIT SOLAR FPS45 facial color x 50g
12,7790375270469,2,27237.0,No Promo,BAGOVIT A TRATAMIENTO FACIAL serum x 30 ml
12,7790375270629,3,8384.0,No Promo,BAGOVIT CAPILAR PLASMA VEGETAL shampoo x 350 ml
12,7790375270636,1,8384.0,No Promo,BAGOVIT CAPILAR PLASMA VEGETAL acond. x 350 l
12,7790375270643,2,8322.0,No Promo,BAGOVIT CAPILAR PLASMA VEGETAL tratamiento c pilar x300
12,7790416003650,3,3199.0,No Promo,CUTEX EXPERTO REMOVEDOR c/ACETONA fco.x100ml
12,7790416012591,3,3199.0,No Promo,CUTEX EXPERTO REMOVEDOR c/ACETONA fco.x100ml
12,7790416021333,1,3199.0,No Promo,CUTEX QUITAESMALTE ANTIOXIDANTE CANNABIDION 00ML
12,7790416066433,1,2519.0,No Promo,CUTEX QUITAESMALTE HUMECTANTE CON ACEITE ALM NDRAS 100ML
12,7790520025395,7,6563.0,No Promo,OFF FAMILY REPELENTE MOSQUITOS 6HS AEROSOL 1 0CM
12,7790520025401,21,9179.0,No Promo,OFF EXTRA DURACION 12HS REPELENTE AEROSOL 17 CM/142GR
12,7790520025845,136,6489.0,No Promo,FUYI TABLETAS 24 NOCHES
12,7790520991331,4,13984.0,No Promo,OFF DEFENSE EXTREME 10HS REPELENTE SPRAY 100 L
12,7790520996329,7,6563.0,No Promo,OFF FAMILY REPELENTE MOSQUITOS 6HS AEROSOL 1 0CM
12,7790520996596,14,17380.0,No Promo,OFF DEFENSE BEBE +3 MESES 6HS REPELENTE GEL 00ML
12,7790520996619,136,6489.0,No Promo,FUYI TABLETAS 24 NOCHES
12,7790520997449,14,17380.0,No Promo,OFF DEFENSE BEBE +3 MESES 6HS REPELENTE GEL 00ML
12,7790520997463,4,13984.0,No Promo,OFF DEFENSE EXTREME 10HS REPELENTE SPRAY 100 L
12,7790520998934,1,4880.0,No Promo,OFF FAMILY USO DIARIO CON ALOE VERA 4HS REPE ENTE CREMA 196G
12,7790580775407,1,1000.0,No Promo,SALADIX CALABREZA caja x30g
12,7790808030684,3,216.0,No Promo,ASPEN CALEFACTOR DE NIEBLA CN100
12,7790808038611,2,40999.0,50%,ASPEN ESTERILIZADOR p/MICROONDAS caja x1u(6R CIPIENTES)
12,7790940003089,1,3766.0,No Promo,DONCELLA ALGODON COMUN env.x300g
12,7790940515025,6,1676.0,No Promo,DONCELLA PORTECTORES MAMARIOS X12 UNIDADES
12,7791130189651,8,3710.0,20%,ESPADOL SKIN CARE JABON LIQUIDO 250ML
12,7791293004976,12,6667.0,No Promo,DOVE RECONSTRUCCION COMPLETA ACONDICIONADOR 00ML
12,7791293005010,17,6667.0,No Promo,DOVE RECONSTRUCCION COMPLETA SHAMPOO 400ML
12,7791293005362,20,4404.0,40%,AXE PURE COCONUT DESODORANTE 150ML
12,7791293006406,21,4404.0,40%,AXE GREEN GERANIUM DESODORANTE 150ML
12,7791293012063,10,4478.0,25%,DOVE MEN CARE EXTRA FRESH DESODORANTE 150ML
12,7791293012087,42,4478.0,25%,DOVE MEN CARE CLEAN CONFORT DESODORANTE 150M
12,7791293021287,3,5493.0,No Promo,LORD CHESELINE EXTRA FIJACION GEL 280GR
12,7791293022260,42,3383.0,25%,DOVE ORIGINAL BLANCO JABON RESPUESTO 220ML
12,7791293022505,27,3668.0,No Promo,REXONA MEN HOMBRE ANTI TRANSPIRANTE DESODORA TE 150ML
12,7791293022536,4,3668.0,No Promo,REXONA MEN SENSITIVE SKIN CARE 48H DESODORAN E 150ML
12,7791293022567,19,3668.0,No Promo,REXONA MEN V8 ANTITRANSPIRANTE DESODORANTE 1 0ML
12,7791293022581,2,3668.0,No Promo,REXONA MEN XTRA COOL 48H DESODORANTE 150ML
12,7791293022635,4,3668.0,No Promo,REXONA MEN INVISIBLE 48H DESODORANTE 150ML
12,7791293022819,3,4478.0,25%,DOVE INVISIBLE DRY DESOSOTANTE MEN 150ML
12,7791293023175,2,3668.0,No Promo,REXONA MEN FANATICS DESODORANTE 150ML
12,7791293025780,4,3473.0,No Promo,AXE APOLLO CITRUS Y MADERA 48HS FRAGANCIA + RESCURA DESODORANTE 150M
12,7791293025810,13,4404.0,40%,AXE AQUA CITRUS DESODORANTE 150ML
12,7791293025827,2,3473.0,No Promo,AXE MARINE FRESH 48HS FRAGANCIA + FRESCURA O EAN Y LIMA DESODORANTE 1
12,7791293025834,2,3473.0,No Promo,AXE MUSK 48HS FRAGANCIA + FRESCURA CANELA Y MBAR DESODORANTE 150ML
12,7791293025872,23,4404.0,40%,AXE BLUE LAVANDA DESODORANTE 150ML
12,7791293025995,58,1287.0,No Promo,LUX BROMELIA JABON GLICERINA 1UNIDAD 90GR
12,7791293026022,7,1287.0,No Promo,LUX MANZANILLA JABON GLICERINA 1 UNIDAD 90GR
12,7791293027654,6,6667.0,No Promo,DOVE OLEO NUTRICION ACONDICIONADOR 400ML
12,7791293027708,176,1855.0,No Promo,DOVE ORIGINAL BLANCO JABON 90GR 1 UNIDAD
12,7791293027760,7,4303.0,No Promo,REXONA EFFICIENT talco 6x200g
12,7791293027777,4,2563.0,No Promo,REXONA EFFICIENT EFECTO ORIGINAL  pvo.x100gr
12,7791293029788,6,6667.0,No Promo,DOVE OLEO NUTRICION ACONDICIONADOR 400ML
12,7791293030777,2,4907.0,No Promo,SEDAL CERAMIDAS SH X 340ml
12,7791293030937,1,4907.0,No Promo,SEDAL CERAMIDAS AC mlx 34
12,7791293031385,18,1287.0,No Promo,LUX LEMON Y FLORES JABON GLICERINA 1 UNIDAD 0GR
12,7791293031941,5,1068.0,No Promo,REXONA COTTON JABON X1 UNIDAD 125GR
12,7791293032405,7,3668.0,No Promo,REXONA WOM SKIN CARE NUTRITIVE DESODORANTE 1 0ML
12,7791293032443,6,3668.0,No Promo,REXONA WOM ACTIVE EMOTION DESO.x150ml x1u
12,7791293033006,3,6984.0,No Promo,ST IVES HUMECTACION PROFUNDA AVENA Y KARITE REMA CORPORAL 350ML
12,7791293033266,5,4478.0,No Promo,DOVE GO FRESH VERBENA ANTITRANSPIRANTE DESOD RANTE 150ML
12,7791293033471,12,4553.0,No Promo,REXONA EFFICIENT DESO.x88gr(153ml)
12,7791293035604,15,1170.0,No Promo,REXONA ANTIBACTERIAL FRESH JABON X1 UNIDAD 9 GR
12,7791293035895,7,4553.0,No Promo,REXONA EFFICIENT ANTIBACTERIAL AP DESO.x153m
12,7791293035901,6,2563.0,No Promo,REXONA EFFICIENT FRESH pvo.x100gr
12,7791293036168,7,4303.0,No Promo,REXONA EFFICIENT ANTIBACTERIAL pvo.x200gr
12,7791293037066,9,3286.0,No Promo,REXONA ANTIBACTERIAL ORIGINAL JABON LIQUIDO EFILL 220ML
12,7791293037073,8,1170.0,No Promo,REXONA ANTIBACTERIAL ALOE X1 UNIDAD 90GR
12,7791293037080,5,1170.0,No Promo,REXONA ANTIBACTERIAL ORIGINAL JABON X1 UNIDA 90G
12,7791293037318,2,3381.0,No Promo,DOVE KERATINE&VAINILLA JBON LIQ.x220ml DP
12,7791293037622,1,1059.0,No Promo,LUX ORQUIDEA NEGRA JABON 125GR 1UNIDAD
12,7791293037646,11,1059.0,No Promo,LUX FLOR DE VAINILLA JABON 125GR 1UNIDAD
12,7791293037677,12,2326.0,No Promo,LUX JAZMIN CREMOSO JABON LIQUIDO RESPUESTO 2 0ML
12,7791293037684,16,2327.0,No Promo,LUX ORQUIDEA NEGRA JABON LIQUDO RESPUESTO 22 ML
12,7791293038360,3,1239.0,No Promo,REXONA GLICERINA NEUTRO JABON 90GR 1 UNIDAD
12,7791293038759,7,6667.0,No Promo,DOVE AC REGENERACION EXTREMA  X400ml
12,7791293038773,10,6667.0,No Promo,DOVE REGENERACION EXTREMA SHAMPOO 400ML
12,7791293039121,4,3307.0,No Promo,AXE EPIC FRESH 48HS FRAGANCIA + FRESCURA DES DORANTE 150ML
12,7791293040011,41,4478.0,No Promo,DOVE ORIGINAL DESODORANTE 169ML
12,7791293040042,5,4478.0,No Promo,DOVE GO FRESH VERBENA ANTITRANSPIRANTE DESOD RANTE 150ML
12,7791293040127,10,4478.0,No Promo,DOVE DEO ANTI-TRANSPIRANTE COCO X 150ML AERO OL
12,7791293040189,1,4162.0,No Promo,SEDAL CARBON ACTIVADO SHAMPOO  X 340ML
12,7791293040202,3,3085.0,No Promo,SEDAL CARBON ACTIVADO ACONDICIONADOR  X 190M
12,7791293040325,16,5259.0,No Promo,DOVE ANTIBACTERIAL JABON LIQUIDO 250ML
12,7791293040332,2,3998.0,No Promo,DOVE JAB LIQ P/M ANTIBACTERIAL REPx220
12,7791293040585,5,1170.0,No Promo,REXONA ANTIBACTERIAL ORIGINAL JABON X1 UNIDA 90G
12,7791293040592,8,1170.0,No Promo,REXONA ANTIBACTERIAL ALOE X1 UNIDAD 90GR
12,7791293040608,15,1170.0,No Promo,REXONA ANTIBACTERIAL FRESH JABON X1 UNIDAD 9 GR
12,7791293040950,4,2563.0,No Promo,REXONA EFFICIENT EFECTO ORIGINAL  pvo.x100gr
12,7791293040967,7,4303.0,No Promo,REXONA EFFICIENT talco 6x200g
12,7791293040974,6,2563.0,No Promo,REXONA EFFICIENT FRESH pvo.x100gr
12,7791293040981,7,4303.0,No Promo,REXONA EFFICIENT ANTIBACTERIAL pvo.x200gr
12,7791293040998,7,4553.0,No Promo,REXONA EFFICIENT ANTIBACTERIAL AP DESO.x153m
12,7791293041001,12,4553.0,No Promo,REXONA EFFICIENT DESO.x88gr(153ml)
12,7791293041063,4,3307.0,No Promo,AXE EPIC FRESH 48HS FRAGANCIA + FRESCURA DES DORANTE 150ML
12,7791293041087,2,3473.0,No Promo,AXE MARINE FRESH 48HS FRAGANCIA + FRESCURA O EAN Y LIMA DESODORANTE 1
12,7791293041094,2,3473.0,No Promo,AXE MUSK 48HS FRAGANCIA + FRESCURA CANELA Y MBAR DESODORANTE 150ML
12,7791293041100,4,3473.0,No Promo,AXE APOLLO CITRUS Y MADERA 48HS FRAGANCIA + RESCURA DESODORANTE 150M
12,7791293041179,4,4478.0,No Promo,DOVE INVISIBLE DRY DESODORANTE FEM 169ML
12,7791293041278,3,1239.0,No Promo,REXONA GLICERINA NEUTRO JABON 90GR 1 UNIDAD
12,7791293041407,1,3786.0,No Promo,DOVE RITUAL REPARACION ACONDICIONADOR 200ML
12,7791293041490,10,6667.0,No Promo,DOVE RITUAL DE REPARACI�N COCO Y CURCUMA  SH MPOO 400ML
12,7791293041537,6,3668.0,No Promo,REXONA WOM ACTIVE EMOTION DESO.x150ml x1u
12,7791293041544,19,3668.0,No Promo,REXONA MEN V8 ANTITRANSPIRANTE DESODORANTE 1 0ML
12,7791293041582,4,3668.0,No Promo,REXONA MEN INVISIBLE 48H DESODORANTE 150ML
12,7791293041643,2,3668.0,No Promo,REXONA MEN FANATICS DESODORANTE 150ML
12,7791293041667,4,3668.0,No Promo,REXONA MEN SENSITIVE SKIN CARE 48H DESODORAN E 150ML
12,7791293041674,2,3668.0,No Promo,REXONA MEN XTRA COOL 48H DESODORANTE 150ML
12,7791293041698,27,3668.0,No Promo,REXONA MEN HOMBRE ANTI TRANSPIRANTE DESODORA TE 150ML
12,7791293041735,7,3668.0,No Promo,REXONA WOM SKIN CARE NUTRITIVE DESODORANTE 1 0ML
12,7791293041865,9,3286.0,No Promo,REXONA ANTIBACTERIAL ORIGINAL JABON LIQUIDO EFILL 220ML
12,7791293041940,5,1068.0,No Promo,REXONA COTTON JABON X1 UNIDAD 125GR
12,7791293041988,3,5263.0,No Promo,SEDAL SH HIALURONICO Y VIT A SH X340ML
12,7791293042015,5,5263.0,No Promo,SEDAL SH COLAGENO Y VIT C SH X340ML
12,7791293042046,3,5263.0,No Promo,SEDAL AC HIALURONICO Y VIT A AC X340ML
12,7791293042060,1,3202.0,No Promo,SEDAL AC COLAGENO Y VIT C AC X190ML
12,7791293042077,1,5263.0,No Promo,SEDAL AC COLAGENO Y VIT C AC X340ML
12,7791293042169,17,6667.0,No Promo,DOVE RECONSTRUCCION COMPLETA SHAMPOO 400ML
12,7791293042176,10,6667.0,No Promo,DOVE REGENERACION EXTREMA SHAMPOO 400ML
12,7791293042183,5,6667.0,No Promo,DOVE OLEO NUTRICION SHAMPOO 400ML
12,7791293042275,12,6667.0,No Promo,DOVE RECONSTRUCCION COMPLETA ACONDICIONADOR 00ML
12,7791293042282,7,6667.0,No Promo,DOVE AC REGENERACION EXTREMA  X400ml
12,7791293042299,6,6667.0,No Promo,DOVE OLEO NUTRICION ACONDICIONADOR 400ML
12,7791293042329,1,3824.0,No Promo,DOVE OLEO NUTRICION ACONDICIONADOR 200ML
12,7791293042374,3,5388.0,No Promo,SEDAL HIALURONICO Y VITAMINA A CREMA PEINAR 00ML
12,7791293042756,3,3085.0,No Promo,SEDAL CARBON ACTIVADO ACONDICIONADOR  X 190M
12,7791293042985,1,4162.0,No Promo,SEDAL CARBON ACTIVADO SHAMPOO  X 340ML
12,7791293043210,42,4478.0,25%,DOVE MEN CARE CLEAN CONFORT DESODORANTE 150M
12,7791293043227,10,4478.0,25%,DOVE MEN CARE EXTRA FRESH DESODORANTE 150ML
12,7791293043265,3,4478.0,25%,DOVE INVISIBLE DRY DESOSOTANTE MEN 150ML
12,7791293043357,2,4907.0,No Promo,SEDAL CERAMIDAS SH X 340ml
12,7791293043548,1,4907.0,No Promo,SEDAL CERAMIDAS AC mlx 34
12,7791293043661,4,6667.0,No Promo,DOVE LARGOS FUERTES Y FLEXIBLES SHAMPOO 400M
12,7791293043791,2,3473.0,No Promo,AXE MARINE FRESH 48HS FRAGANCIA + FRESCURA O EAN Y LIMA DESODORANTE 1
12,7791293043807,2,3473.0,No Promo,AXE MUSK 48HS FRAGANCIA + FRESCURA CANELA Y MBAR DESODORANTE 150ML
12,7791293043814,4,3473.0,No Promo,AXE APOLLO CITRUS Y MADERA 48HS FRAGANCIA + RESCURA DESODORANTE 150M
12,7791293044040,4,3307.0,No Promo,AXE EPIC FRESH 48HS FRAGANCIA + FRESCURA DES DORANTE 150ML
12,7791293044231,11,1059.0,No Promo,LUX FLOR DE VAINILLA JABON 125GR 1UNIDAD
12,7791293044293,12,2326.0,No Promo,LUX JAZMIN CREMOSO JABON LIQUIDO RESPUESTO 2 0ML
12,7791293044309,16,2327.0,No Promo,LUX ORQUIDEA NEGRA JABON LIQUDO RESPUESTO 22 ML
12,7791293044422,1,1059.0,No Promo,LUX ORQUIDEA NEGRA JABON 125GR 1UNIDAD
12,7791293044439,176,1855.0,No Promo,DOVE ORIGINAL BLANCO JABON 90GR 1 UNIDAD
12,7791293044453,7,4553.0,No Promo,REXONA EFFICIENT ANTIBACTERIAL AP DESO.x153m
12,7791293044460,12,4553.0,No Promo,REXONA EFFICIENT DESO.x88gr(153ml)
12,7791293044477,4,2563.0,No Promo,REXONA EFFICIENT EFECTO ORIGINAL  pvo.x100gr
12,7791293044484,6,2563.0,No Promo,REXONA EFFICIENT FRESH pvo.x100gr
12,7791293044491,7,4303.0,No Promo,REXONA EFFICIENT talco 6x200g
12,7791293044507,7,4303.0,No Promo,REXONA EFFICIENT ANTIBACTERIAL pvo.x200gr
12,7791293044651,4,7390.0,No Promo,TRESEMME KERATINE ANTIFRIZZ SHAMPOO 500ML AT MIZADOR
12,7791293044668,3,7390.0,No Promo,TRESEMME CAUTERIZACION REPARADORA SHAMPOO 50 ML ATOMIZADOR
12,7791293044767,3,7390.0,No Promo,TRESEMME CAUTERIZACION REPARADORA ACONDICION DOR 500ML ATOMIZADOR
12,7791293044859,4,7390.0,No Promo,TRESEMME KERATINE ANTIFRIZZ SHAMPOO 500ML AT MIZADOR
12,7791293044866,3,7390.0,No Promo,TRESEMME CAUTERIZACION REPARADORA SHAMPOO 50 ML ATOMIZADOR
12,7791293044965,3,7390.0,No Promo,TRESEMME CAUTERIZACION REPARADORA ACONDICION DOR 500ML ATOMIZADOR
12,7791293045085,2,3668.0,No Promo,REXONA MEN FANATICS DESODORANTE 150ML
12,7791293045092,19,3668.0,No Promo,REXONA MEN V8 ANTITRANSPIRANTE DESODORANTE 1 0ML
12,7791293045108,2,3668.0,No Promo,REXONA MEN XTRA COOL 48H DESODORANTE 150ML
12,7791293045115,27,3668.0,No Promo,REXONA MEN HOMBRE ANTI TRANSPIRANTE DESODORA TE 150ML
12,7791293045153,6,3668.0,No Promo,REXONA WOM ACTIVE EMOTION DESO.x150ml x1u
12,7791293045177,4,3668.0,No Promo,REXONA MEN INVISIBLE 48H DESODORANTE 150ML
12,7791293045191,12,6667.0,No Promo,DOVE RECONSTRUCCION COMPLETA ACONDICIONADOR 00ML
12,7791293045207,7,6667.0,No Promo,DOVE AC REGENERACION EXTREMA  X400ml
12,7791293045214,6,6667.0,No Promo,DOVE OLEO NUTRICION ACONDICIONADOR 400ML
12,7791293045221,1,6667.0,No Promo,DOVE RITUAL REPARACION ACONDICIONADOR 400ML
12,7791293045283,1,3824.0,No Promo,DOVE OLEO NUTRICION ACONDICIONADOR 200ML
12,7791293045290,1,3786.0,No Promo,DOVE RITUAL REPARACION ACONDICIONADOR 200ML
12,7791293045351,17,6667.0,No Promo,DOVE RECONSTRUCCION COMPLETA SHAMPOO 400ML
12,7791293045368,10,6667.0,No Promo,DOVE REGENERACION EXTREMA SHAMPOO 400ML
12,7791293045375,5,6667.0,No Promo,DOVE OLEO NUTRICION SHAMPOO 400ML
12,7791293045382,10,6667.0,No Promo,DOVE RITUAL DE REPARACI�N COCO Y CURCUMA  SH MPOO 400ML
12,7791293045559,4,3668.0,No Promo,REXONA MEN SENSITIVE SKIN CARE 48H DESODORAN E 150ML
12,7791293045566,7,3668.0,No Promo,REXONA WOM SKIN CARE NUTRITIVE DESODORANTE 1 0ML
12,7791293045580,1,4890.0,No Promo,REXONA V8 MEN ANTITRASPIRANTE 72HS DESODORAN E 250M
12,7791293045733,2,4907.0,No Promo,SEDAL CERAMIDAS SH X 340ml
12,7791293045931,1,4907.0,No Promo,SEDAL CERAMIDAS AC mlx 34
12,7791293046051,3,1239.0,No Promo,REXONA GLICERINA NEUTRO JABON 90GR 1 UNIDAD
12,7791293046112,24,4811.0,25%,DOVE ORIGINAL BLANCO JABON LIQUIDO 250ML
12,7791293046129,16,5259.0,No Promo,DOVE ANTIBACTERIAL JABON LIQUIDO 250ML
12,7791293046136,42,3383.0,25%,DOVE ORIGINAL BLANCO JABON RESPUESTO 220ML
12,7791293046143,2,3381.0,No Promo,DOVE KERATINE&VAINILLA JBON LIQ.x220ml DP
12,7791293046150,2,3998.0,No Promo,DOVE JAB LIQ P/M ANTIBACTERIAL REPx220
12,7791293046228,41,4478.0,No Promo,DOVE ORIGINAL DESODORANTE 169ML
12,7791293046259,5,4478.0,No Promo,DOVE GO FRESH VERBENA ANTITRANSPIRANTE DESOD RANTE 150ML
12,7791293046273,10,4478.0,No Promo,DOVE DEO ANTI-TRANSPIRANTE COCO X 150ML AERO OL
12,7791293046280,4,4478.0,No Promo,DOVE INVISIBLE DRY DESODORANTE FEM 169ML
12,7791293046372,3,5263.0,No Promo,SEDAL SH HIALURONICO Y VIT A SH X340ML
12,7791293046402,5,5263.0,No Promo,SEDAL SH COLAGENO Y VIT C SH X340ML
12,7791293046433,3,5263.0,No Promo,SEDAL AC HIALURONICO Y VIT A AC X340ML
12,7791293046457,1,3202.0,No Promo,SEDAL AC COLAGENO Y VIT C AC X190ML
12,7791293046464,1,5263.0,No Promo,SEDAL AC COLAGENO Y VIT C AC X340ML
12,7791293046501,5,1068.0,No Promo,REXONA COTTON JABON X1 UNIDAD 125GR
12,7791293046853,1,4740.0,No Promo,DOVE SUPER FACTOR NUTRIC ACONDICIONADOR 50 170ML
12,7791293046860,5,1170.0,No Promo,REXONA ANTIBACTERIAL ORIGINAL JABON X1 UNIDA 90G
12,7791293046877,8,1170.0,No Promo,REXONA ANTIBACTERIAL ALOE X1 UNIDAD 90GR
12,7791293046884,15,1170.0,No Promo,REXONA ANTIBACTERIAL FRESH JABON X1 UNIDAD 9 GR
12,7791293047041,1,3786.0,No Promo,DOVE RITUAL REPARACION ACONDICIONADOR 200ML
12,7791293047065,1,3824.0,No Promo,DOVE OLEO NUTRICION ACONDICIONADOR 200ML
12,7791293047102,17,6667.0,No Promo,DOVE RECONSTRUCCION COMPLETA SHAMPOO 400ML
12,7791293047164,5,6667.0,No Promo,DOVE OLEO NUTRICION SHAMPOO 400ML
12,7791293047171,10,6667.0,No Promo,DOVE REGENERACION EXTREMA SHAMPOO 400ML
12,7791293047188,10,6667.0,No Promo,DOVE NUTRICION OLEO MICELAR SHAMPOO 400ML
12,7791293047287,3,6667.0,No Promo,DOVE HIDRATACION INTENSA SHAMPOO 400ML
12,7791293047409,4,6667.0,No Promo,DOVE LARGOS FUERTES Y FLEXIBLES SHAMPOO 400M
12,7791293047447,10,6667.0,No Promo,DOVE RITUAL DE REPARACI�N COCO Y CURCUMA  SH MPOO 400ML
12,7791293047492,1,6667.0,No Promo,DOVE RITUAL REPARACION ACONDICIONADOR 400ML
12,7791293047508,12,6667.0,No Promo,DOVE RECONSTRUCCION COMPLETA ACONDICIONADOR 00ML
12,7791293047515,6,6667.0,No Promo,DOVE OLEO NUTRICION ACONDICIONADOR 400ML
12,7791293047522,7,6667.0,No Promo,DOVE AC REGENERACION EXTREMA  X400ml
12,7791293047690,3,3085.0,No Promo,SEDAL CARBON ACTIVADO ACONDICIONADOR  X 190M
12,7791293047799,1,4162.0,No Promo,SEDAL CARBON ACTIVADO SHAMPOO  X 340ML
12,7791293047812,18,1287.0,No Promo,LUX LEMON Y FLORES JABON GLICERINA 1 UNIDAD 0GR
12,7791293047850,58,1287.0,No Promo,LUX BROMELIA JABON GLICERINA 1UNIDAD 90GR
12,7791293047874,7,1287.0,No Promo,LUX MANZANILLA JABON GLICERINA 1 UNIDAD 90GR
12,7791293048000,42,4478.0,25%,DOVE MEN CARE CLEAN CONFORT DESODORANTE 150M
12,7791293048017,10,4478.0,25%,DOVE MEN CARE EXTRA FRESH DESODORANTE 150ML
12,7791293048031,3,4478.0,25%,DOVE INVISIBLE DRY DESOSOTANTE MEN 150ML
12,7791293048468,41,4478.0,No Promo,DOVE ORIGINAL DESODORANTE 169ML
12,7791293048499,5,4478.0,No Promo,DOVE GO FRESH VERBENA ANTITRANSPIRANTE DESOD RANTE 150ML
12,7791293048512,10,4478.0,No Promo,DOVE DEO ANTI-TRANSPIRANTE COCO X 150ML AERO OL
12,7791293048529,4,4478.0,No Promo,DOVE INVISIBLE DRY DESODORANTE FEM 169ML
12,7791293048543,176,1855.0,No Promo,DOVE ORIGINAL BLANCO JABON 90GR 1 UNIDAD
12,7791293048635,2,6812.0,30%,DOVE RECONSTRUCCION MASCARA CAPILAR 300GR
12,7791293048802,12,2326.0,No Promo,LUX JAZMIN CREMOSO JABON LIQUIDO RESPUESTO 2 0ML
12,7791293048819,16,2327.0,No Promo,LUX ORQUIDEA NEGRA JABON LIQUDO RESPUESTO 22 ML
12,7791293049083,5,1068.0,No Promo,REXONA COTTON JABON X1 UNIDAD 125GR
12,7791293049175,3,1239.0,No Promo,REXONA GLICERINA NEUTRO JABON 90GR 1 UNIDAD
12,7791293049465,4,3668.0,No Promo,REXONA MEN INVISIBLE 48H DESODORANTE 150ML
12,7791293049472,2,3668.0,No Promo,REXONA MEN FANATICS DESODORANTE 150ML
12,7791293049489,19,3668.0,No Promo,REXONA MEN V8 ANTITRANSPIRANTE DESODORANTE 1 0ML
12,7791293049496,4,3668.0,No Promo,REXONA MEN SENSITIVE SKIN CARE 48H DESODORAN E 150ML
12,7791293049502,27,3668.0,No Promo,REXONA MEN HOMBRE ANTI TRANSPIRANTE DESODORA TE 150ML
12,7791293049526,6,3667.0,No Promo,REXONA WOM ANTITRANSPIRANTE INVISIBLE 72HS 1 0ML
12,7791293049540,6,3668.0,No Promo,REXONA WOM ACTIVE EMOTION DESO.x150ml x1u
12,7791293049557,7,3668.0,No Promo,REXONA WOM SKIN CARE NUTRITIVE DESODORANTE 1 0ML
12,7791293049564,2,3667.0,No Promo,REXONA WOM BAMBOO ALOE DESODORANTE 150ML
12,7791293049571,8,3667.0,No Promo,REXONA WOM FUTBOL FANATIC ANTITRANSPIRANTE 1 0ML
12,7791293049595,1,4890.0,No Promo,REXONA V8 MEN ANTITRASPIRANTE 72HS DESODORAN E 250M
12,7791293049601,2,3668.0,No Promo,REXONA MEN XTRA COOL 48H DESODORANTE 150ML
12,7791293049618,40,7001.0,No Promo,DOVE WOM 96HS PROTECCION DESODORANTE 150ML
12,7791293049625,49,7001.0,No Promo,DOVE MEN CARE 96HS PROTECCION  DESODORANTE 1 0ML
12,7791293049786,3,5822.0,No Promo,SEDAL CARE PREBIOTICOS + BIOTINA FUERZA ANTI AIDA MASCARA FORTALEZADO
12,7791293049809,3,5822.0,No Promo,SEDAL MASCARA CAPILAR HIDRATAX300G
12,7791293049861,2,7390.0,30%,TRESEMME BRILLO LAMELAR SHAMPOO 500ML ATOMIZ DOR
12,7791293049953,4,7390.0,No Promo,TRESEMME KERATINE ANTIFRIZZ SHAMPOO 500ML AT MIZADOR
12,7791293050034,3,7390.0,No Promo,TRESEMME CAUTERIZACION REPARADORA SHAMPOO 50 ML ATOMIZADOR
12,7791293050041,3,7390.0,No Promo,TRESEMME CAUTERIZACION REPARADORA ACONDICION DOR 500ML ATOMIZADOR
12,7791293050324,3,6667.0,No Promo,DOVE HIDRATACION INTENSA SHAMPOO 400ML
12,7791293050331,4,6667.0,No Promo,DOVE LARGOS FUERTES Y FLEXIBLES SHAMPOO 400M
12,7791293050348,10,6667.0,No Promo,DOVE NUTRICION OLEO MICELAR SHAMPOO 400ML
12,7791293050485,2,6975.0,40%,TRESEMME HIDRATACION PRO ACTIVA MASCARA TRAT MIENTO 300GR
12,7791293050560,4,5388.0,No Promo,SEDAL RIZOS DEFINIDOS CREMA PARA PEINAR  X 3 0ML
12,7791293050577,3,5388.0,No Promo,SEDAL HIALURONICO Y VITAMINA A CREMA PEINAR 00ML
12,7791293050614,2,4352.0,No Promo,AXE MARINE FRESH 48HS FRAGANCIA + FRESCURA O EAN Y LIMA DESODORANTE 2
12,7791293050621,1,8603.0,No Promo,TRESEMME ULTRA FINE 24HS HAIRSPRAY 311GR
12,7791293050645,3,5493.0,No Promo,LORD CHESELINE EXTRA FIJACION GEL 280GR
12,7791293050768,38,3611.0,2do50%,LUX BROMELIA GLICERINA JABON LIQUIDO RESPUES O 220ML
12,7791293050775,39,3611.0,2do50%,LUX MANZANILLA GLICERINA JABON LIQUIDO RESPU STO 220ML
12,7791293050782,11,1059.0,No Promo,LUX FLOR DE VAINILLA JABON 125GR 1UNIDAD
12,7791293050867,1,1059.0,No Promo,LUX ORQUIDEA NEGRA JABON 125GR 1UNIDAD
12,7791293050881,3,6812.0,30%,DOVE HIDRATACION MASCARA DE TRATAMIENTO CAPI AR 300GR
12,7791293050980,5,1068.0,No Promo,REXONA COTTON JABON X1 UNIDAD 125GR
12,7791293051017,1,7271.0,30%,DOVE BOND INTENSE REPAIR SHAMPOO 400ML
12,7791293051031,20,4404.0,40%,AXE PURE COCONUT DESODORANTE 150ML
12,7791293051130,7,4303.0,No Promo,REXONA EFFICIENT talco 6x200g
12,7791293051208,176,1855.0,No Promo,DOVE ORIGINAL BLANCO JABON 90GR 1 UNIDAD
12,7791519704987,2,2190.0,No Promo,ABIEN PANUELOS DESCARTABLES 6X10 UNIDADES
12,7791519704994,1,2390.0,No Promo,ABIEN PA�UELOS DESCARTABLE  75 UNIDADES
12,7791520023633,3,6984.0,No Promo,ST IVES HUMECTACION PROFUNDA AVENA Y KARITE REMA CORPORAL 350ML
12,7791600018450,2,3850.0,No Promo,KEVIN BLACK MEN DESODORANTE 250ML
12,7791600024239,1,3090.0,No Promo,CIEL CRYSTAL DESODORANTE 123ML
12,7791600028657,3,3850.0,No Promo,ACQUA DI COLBERT ACQUA DESODORANTE 250ML
12,7791600030735,3,7950.0,No Promo,CIEL COLONIA 250ML
12,7791600037635,8,3850.0,No Promo,KEVIN MEN ANTI TRANSPIRANTE MEN DESODORANTE 77ML
12,7791600042042,5,3690.0,No Promo,PAULA AMOR WOM DESODORANTE 123ML
12,7791600042257,3,12250.0,No Promo,PAULA NIOS BOSQUE COLONIA x100ml (ROJO)
12,7791600042844,2,12250.0,No Promo,PAULA NIOS BOSQUE COLONIA x100ml (AZUL)
12,7791600049355,6,3690.0,No Promo,PRUNE I DESO.x123ml
12,7791600049461,9,3690.0,No Promo,PRUNE II DESO.x123ml
12,7791600049577,8,3690.0,No Promo,PRUNE III DESO.x123ml
12,7791600049782,5,3690.0,No Promo,PRUNE IV DESO.x123ml
12,7791600059248,5,3690.0,No Promo,PAULA LUZ DESO.x123ml
12,7791600087234,3,3850.0,No Promo,COLBERT US DESO.x250ml
12,7791600091156,3,2790.0,No Promo,JULIE BY MUJERCITAS DESO.x123ml
12,7791600174767,3,3850.0,No Promo,COLBERT NOIR DESO.x250ml
12,7791600192488,8,3850.0,No Promo,COLBERT DESO.x250ml
12,7791600292478,2,21150.0,No Promo,DANIELLE MY LITTLE EDT x90ml(+PELUCHE)
12,7791600292584,2,21150.0,No Promo,DANIELLE MY LITTLE EDT x90ml(+PELUCHE)
12,7791600360474,1,18350.0,No Promo,SENS NATURAL VERBENA NARANJA EDT X 100ML
12,7791600362034,1,3250.0,No Promo,SENS NATURAL GROSELLA ROSAS DEO X 123ML
12,7791600362140,1,3250.0,No Promo,SENS NATURAL VAINILLA CASSIS DEO X 123ML
12,7791600362256,3,3250.0,No Promo,SENS NATURAL MAGNOLIA PERA DEO X 123ML
12,7791600362362,6,3250.0,No Promo,SENS NATURAL NEROLI LIMA DEO X 123ML
12,7791600362478,3,3250.0,No Promo,SENS NATURAL VERBENA NARANJA DEO 123ML
12,7791600362584,5,3250.0,No Promo,SENS NATURAL HIGO AMBAR DEO 123ML
12,7791600400231,4,3690.0,No Promo,LAS PEPAS MITO DEO X 123ML
12,7791600400781,4,3690.0,No Promo,LAS PEPAS NINFA DEO X123ML
12,7791600571641,8,3850.0,No Promo,COLBERT PINO DESO.x250ml
12,7791600572365,9,3350.0,No Promo,BROSS LONDON CLASSIC MEN DESODORANTE 150ML
12,7791600572471,10,3350.0,No Promo,BROSS LONDON BLUE MEN DESODORANTE 150ML
12,7791600572587,6,3350.0,No Promo,BROSS LONDON WARRIOR MEN DESODORANTE 150ML
12,7791600595128,1,7700.0,No Promo,MUJERCITAS EDP x80ml
12,7791600596576,2,4550.0,No Promo,KEVIN ABSOLUTE MEN DESODORANTE 250ML
12,7791909102508,19,10677.0,No Promo,FACTOR AE ALOE VERA emuls.x 100 ml
12,7791909102621,22,10677.0,No Promo,FACTOR AE AVENA emuls.x 100 ml
12,7791969001032,1,4331.0,No Promo,NIVEA MEN BLACK/WHITE INVISIBLE FRESH  DESOD RANTE 150ML
12,7791969029807,2,4261.0,No Promo,NIVEA SENSITIVE PROTECT MEN A/T DESODORANTE 50ML
12,7791969850616,2,5586.0,No Promo,NIVEA LABELLO ESSENTIAL ORIGINAL CARE PROTEC OR LABIAL 4.8
12,7792175001090,12,9118.0,No Promo,PLAC OUT colut.x 200 ml
12,7792175001151,8,18611.0,No Promo,PLAC OUT colut.x 500 ml
12,7792175001885,4,11018.0,No Promo,FLUORDENT PX pasta dent.x 120 g
12,7792175007054,13,9893.0,No Promo,PLAC OUT gel x 60 g
12,7792175008471,7,8202.0,No Promo,SENSIDENT pasta dent.x 90 g
12,7792175008495,1,15374.0,No Promo,SENSIDENT COLUTORIO fco.x 500 ml
12,7792175009775,2,20590.0,30%,PERPIEL ABSORCION INMEDIATA emuls.c/fraganci x 400g
12,7792175010023,4,15444.0,40%,PERPIEL HUMECTACION PROFUNDA emuls.c/fraganc a x 400g
12,7792175010054,4,15960.0,No Promo,PLAC OUT MANTENIMIENTO env.x 500 ml
12,7792175010085,4,21532.0,30%,PERPIEL FACIAL A emuls.x 80 ml
12,7792175010238,1,11156.0,20%,PERPIEL AGUA MICELAR sol. x 200 ml
12,7792175010276,4,29393.0,20%,PERPIEL FACIAL ANTIAGE emuls.x 80 ml
12,7792175010412,1,10699.0,No Promo,PLAC OUT MANTENIMIENTO env.x 250 ml
12,7792175010481,3,20295.0,20%,PERPIEL ANTIAGE EFECTO REJUVENECEDOR emuls.c rporal x 400 g
12,7792175010603,7,13326.0,20%,PERPIEL EMULSION DE LIMPIEZA emuls.x 200 ml
12,7793094000478,40,5956.0,No Promo,AULO GELIO REPELENTE cr.x 50 g
12,7793094000485,14,6386.0,No Promo,AULO GELIO REPELENTE loc.x 120 ml
12,7793100112287,1,7433.0,No Promo,COLGATE ORTHOGARD CREMA DENTAL 90GR
12,7793100130236,1,3728.0,No Promo,NOC 10 CONCENTRADA CREMA DENTAL 70GR
12,7793100130243,6,7433.0,25%,COLGATE PERIOGARD CREMA DENTAL 90GR
12,7793620000811,7,4997.0,35%,KOTEX MINI TAMPONES DIGITALES 12 UNIDADES
12,7793620002235,4,12924.0,No Promo,KOTEX CUIDADO DIARIO PROTECTORE DIARIOS 60 U IDADES
12,7793620003553,4,12924.0,No Promo,KOTEX CUIDADO DIARIO PROTECTORE DIARIOS 60 U IDADES
12,7793742002922,1,23844.0,No Promo,DERMAGLOS F HID F20 P NORMAL EM 70 ML emuls. 70 ml
12,7793742002984,4,9444.0,No Promo,HIPOGLOS CUIDADO DIARIO crema x 30 g
12,7793742002991,2,20412.0,No Promo,HIPOGLOS CUIDADO DIARIO crema x 90 g
12,7793742003431,13,26705.0,No Promo,DERMAGLOS LINEA SOLAR FPS50 RA emulsi�n x250 l
12,7793742003516,3,25797.0,No Promo,DERMAGLOS LINEA SOLAR FPS40 emulsi�n x250ml
12,7793742003707,1,28980.0,No Promo,DERMAGLOS LINEA SOLAR FPS 80 cr.x 90 g
12,7793742003790,3,24868.0,No Promo,DERMAGLOS LINEA SOLAR FPS50 ni�o emuls.x180 l
12,7793742004018,2,10111.0,No Promo,BUSHI CREMA pomo x 50 g
12,7793742004308,1,16196.0,No Promo,BUSHI Pezonera siliconada x 2
12,7793742004353,3,21254.0,No Promo,AVENO acond.cap.x 250 ml
12,7793742004360,3,21263.0,No Promo,AVENO shamp.x 250 ml
12,7793742004384,2,13746.0,No Promo,AVENO jab.x 120 g
12,7793742004391,4,39059.0,No Promo,AVENO emuls.x 400 ml
12,7793742004520,1,26187.0,No Promo,DERMAGLOS LINEA SOLAR F50 Fac.c/color cr.x 5 g
12,7793742004568,5,26187.0,No Promo,DERMAGLOS LINEA SOLAR F50 F.DermoTM cr. x 50 g
12,7793742005039,3,13826.0,No Promo,DERMAGLOS F LECHE LIMP 200 ML leche x 200 ml
12,7793742005046,2,13838.0,No Promo,DERMAGLOS F TONICO HID 200 ML t�nico x 200 m
12,7793742005428,3,21463.0,No Promo,AVENO INFANTIL shamp.x 250 ml
12,7793742005442,4,21463.0,No Promo,AVENO INFANTIL acond.x 250 ml
12,7793742005459,1,26764.0,No Promo,AVENO limpieza gel.x 250 g
12,7793742005466,2,20674.0,No Promo,AVENO INFANTIL gel de ba�o x 250 g
12,7793742005473,2,20674.0,No Promo,AVENO INFANTIL gel de ba�o x 250 g
12,7793742005534,1,29941.0,No Promo,AVENO piel norm/sens cr.x 50g
12,7793742005541,1,29946.0,No Promo,AVENO piel seca/sens cr.x 50g
12,7793742005565,1,25175.0,No Promo,AVENO REFILL EMULSION X250 ML emuls.x 250 ml
12,7793742007316,2,18361.0,No Promo,DERMAGLOS C AUTOBRONCEANTE crema x 150 g
12,7793742007330,1,15017.0,No Promo,DERMAGLOS C HID INMEDIATA CR 175 GR cr.x 175 g
12,7793742007361,1,15353.0,No Promo,DERMAGLOS C HID + PROT F20 emulsi�n x 175 ml
12,7793742007392,2,19996.0,No Promo,DERMAGLOS C HID + ABS INMEDIATA CR 300 GR cr ma x 300 g
12,7793742007576,1,23835.0,No Promo,DERMAGLOS F NUT P NORMAL CR 70 GR cr.x 70 g
12,7793742007583,2,13830.0,No Promo,DERMAGLOS F LIMP P MIX A GRASA GL 150 GR gel x 150 g
12,7793742007606,3,23844.0,No Promo,DERMAGLOS F HID P MIX A GRASA GL 70 GR gel x 70 g
12,7793742007668,1,15450.0,No Promo,DERMAGLOS C HID INMEDIATA SPRAY 175 ML emuls x 175 g
12,7793742007682,3,14795.0,No Promo,DERMAGLOS C REGENERACION INT CR 100 GR cr.x 00 g
12,7793742007897,4,16809.0,No Promo,DERMAGLOS F HID F12 P NORMAL CR 50 GR cr.x 5 g
12,7793742007903,4,23836.0,No Promo,DERMAGLOS F HID F12 P NORMAL EM 75 ML emuls. 75 ml
12,7793742007934,1,13830.0,No Promo,DERMAGLOS F LIMP P NORMAL GL 150 GR gel x 15 g
12,7793742007989,1,9730.0,No Promo,DERMAGLOS C PIEL DEL DIABETICO emulsi�n x 50 ml
12,7793742007996,4,16729.0,No Promo,DERMAGLOS C PIEL DEL DIABETICO crema x 100 g
12,7793742008207,2,15207.0,No Promo,DERMAGLOS C M Y U CR HID ESENCIAL X100GR cr. 100 g
12,7793742008214,1,8946.0,No Promo,DERMAGLOS C M Y U CR HID ESENCIAL X50GR cr.x 50 g
12,7793742008221,4,11092.0,No Promo,DERMAGLOS ULTRA C M Y U CREMA GEL X50GR cr.x 50 g
12,7793742008238,1,11092.0,No Promo,DERMAGLOS C M Y U HID + REGENERACION X50GR c .x 50 g
12,7793742008276,1,19996.0,No Promo,DERMAGLOS C HID + REGENERACI�N EM 300 ML emu s.x 300 ml
12,7793742008283,1,24862.0,No Promo,DERMAGLOS C PIEL DEL DIABETICO emuls x 300 m
12,7793742024603,4,33839.0,No Promo,PROMOCIONAL DERMAGL�S SOLAR F30 EM 380 ML FP 30 emuls.fr. x 380 ml
12,7793742107108,1,31180.0,No Promo,DERMAGLOS F SERUM VIT C 25 ML serum x 25 ml
12,7793742108518,5,25563.0,No Promo,DERMAGLOS F ULTRA HIDRATACION cr. gel x 50 g
12,7793742108587,1,34398.0,No Promo,DERMAGLOS F ULTRA ESTRUCTURA DIA cr. x 50 g
12,7793970100209,2,34732.0,No Promo,BABELITO SUCCIONADOR DE LECHE MANUAL x1u ART 10020
12,7793970100308,3,13459.0,No Promo,BABELITO PEZONERA SILICONADA x2u ART.10030
12,7793970121709,2,6079.0,No Promo,BABELITO LIMPIA BIBERON BASICO
12,7793970132415,2,14032.0,No Promo,BABELITO BIBERON TOMASOLITO T1 x120ml 13241
12,7793970135638,1,10205.0,No Promo,BABELITO BIBERON T3 250ML
12,7793970135829,2,14616.0,No Promo,BABELITO BIBERON TOMASOLO x250ml 13582
12,7793970136246,3,16776.0,No Promo,BABE BIBERON BOCA ANCHA 250ML  T1
12,7793970136253,3,16776.0,No Promo,BABELITO BIBERON BOCA ANCHA 270ML +6A�OS
12,7793970136352,2,12315.0,No Promo,BABELITO MAMADERA 150 ML
12,7793970136611,3,10740.0,No Promo,BABELITO BIBERON 0-3m x125ml 13661
12,7793970137014,2,30072.0,No Promo,BABELITO BIBERON BOCA ANCHA x300ml ?????
12,7793970137021,2,30072.0,No Promo,BABELITO BIBERON BOCA ANCHA x250ml 13702
12,7793970137427,2,14521.0,No Promo,BABELITO BIBERON BOCA ANCHA CON ASAS T2 250M
12,7793970137618,3,10205.0,No Promo,BABELITO BIBERON x250ml 13761(OFF)
12,7793970137625,5,10205.0,No Promo,BABELITO BIBERON x250ml 13762
12,7793970137632,2,10205.0,No Promo,BABELITO BIBERON x250ml 13763
12,7793970141714,2,6613.0,No Promo,BABELITO TETINA SILICONADA x2u ART.14171
12,7793970141721,2,8665.0,No Promo,BABELITO TETINA SILICONADA x2u ART.14172
12,7793970141738,2,8665.0,No Promo,BABELITO TETINA SILICONADA x2u ART.14173
12,7793970143114,2,10097.0,No Promo,BABELITO TETINA SILICONADA BOCA ANCHA x2u T2 ART.14311
12,7793970143121,1,10097.0,No Promo,BABELITO TETINA SILICONADA BOCA ANCHA x2u T2 ART.14312
12,7793970143138,1,10097.0,No Promo,BABELITO TETINA SILICONADA BOCA ANCHA x1u T3 ART.14313
12,7793970251017,2,30391.0,No Promo,BABELITO PLATO TERMICO x1u ART.25101
12,7793970251208,2,5673.0,No Promo,BABELITO CUBIERTOS ANATOMICOS ART.25120
12,7793970251345,3,5402.0,No Promo,BABELITO VASO BEBETODO x1u ART.25134
12,7793970251505,2,18437.0,No Promo,BABELITO VASO ANTIDERRAME c/ASAS env.x1u 251 0
12,7793970251529,2,31107.0,No Promo,BABELITO SET TRANSICION BIBERON-VASO SET x1u ART.21152
12,7793970251574,2,5784.0,No Promo,BABELITO CUCHARA PARA BOWL x1u ART.25157
12,7793970251611,2,5515.0,No Promo,BABELITO PISO ANTI SPILL TUMMY x2u ART.25161
12,7793970308513,2,7140.0,No Promo,BABELITO CHUPETE SILICONA ANATOMICO T1 - 308 1
12,7793970308520,2,7140.0,No Promo,BABELITO CHUPETE SILICONA ANATOMICO T2 - 308 2
12,7793970308605,2,7140.0,No Promo,BABELITO CHUPETE REDONDO SILIC. 0-3m x1u ART 30860
12,7793970308629,2,7140.0,No Promo,BABELITO CHUPETE SILICONA REDONDO T2 - 30862
12,7793970320218,3,9089.0,No Promo,BABELITO CHUPETE LUMINOSO SILIC. T1 0m+ x1u 2021
12,7793970320225,2,9089.0,No Promo,BABELITO CHUPETE REDONDO LUMINOSO x1u ART.32 22
12,7793970320928,2,884.0,No Promo,BABELITO CHUPETE REDONDO c/CAPUCHON x1u ART. 2092
12,7793970324018,2,9089.0,No Promo,BABELITO CHUPETE ANATOMICO LUMINOSO x1u 3240
12,7793970324025,2,9089.0,No Promo,BABELITO CHUPETE ANATOMICO LUMINOSO x1u 3240
12,7793970324032,3,9089.0,No Promo,BABELITO CHUPETE LUMINOSO SILIC.REDONDO T3 1 m+ x1u ART.32403
12,7793970326029,1,6185.0,No Promo,BABELITO CHUPETE ANATOMICO SILIC. T2 x1u 326 2
12,7793970326036,1,6185.0,No Promo,BABELITO CHUPETE ANATOMICO SILIC. T3 x1u 326 3
12,7793970328115,1,9089.0,No Promo,BABELITO CHUPETE ANATOMICO DECORADO T1 - 328 1
12,7793970328122,1,9089.0,No Promo,BABELITO CHUPETE ANATOMICO DECORADO T2 - 328 2
12,7793970328139,3,9089.0,No Promo,BABELITO CHUPETE ANATOMICO DECORADO T3 - 328 3
12,7793970328610,1,4920.0,No Promo,BABELITO CHUPETE TETINA SILICONA SIMETRICO T CELESTE - 32861
12,7793970328627,2,4920.0,No Promo,BABELITO CHUPETE TETINA SILICONA SIMETRICO T ROSA - 32862
12,7793970328634,1,4920.0,No Promo,BABELITO CHUPETE TETINA SILICONA SIMETRICO T GRIS - 32863
12,7793970371760,2,12937.0,No Promo,BABELITO MORDILLO REFRIGERANTE x1u ART.37176
12,7793970371784,2,13381.0,No Promo,BABELITO MORDILLO DE SILICONA SOFT
12,7793970371807,2,7584.0,No Promo,BABELITO MORDILLO REFRIGERANTE DELFIN
12,7793970550707,1,13442.0,No Promo,BABELITO SET CEPILLO Y PEINE COD.55070
12,7793970550813,2,11382.0,No Promo,BABELITO TIJERITA x1u ART.55081
12,7793970550837,2,17277.0,No Promo,BABELITO SET MANICURA 2 PIEZAS ART.55083
12,7793970550882,1,8333.0,No Promo,BABELITO ALICATE c/SOPORTE x1u 55088
12,7793970550936,13,8469.0,No Promo,BABELITO CEP.DIENTES DEDAL SILICONADO x1u 55 93
12,7793970551131,3,9086.0,No Promo,BABELITO ACEITE c/ALOE&VIT.E fco.x200ml ART. 5113
12,7793970551148,2,6172.0,No Promo,BABELITO SH c/GLICERINA SH x200ml 55114
12,7793970551209,35,2702.0,No Promo,BABELITO TOALLAS CON ALOE Y MANZANILLA  48 U IDADES
12,7793970551216,4,7362.0,No Promo,BABELITO COLONIA col.x200ml x1u ART.5512
12,7793970551223,3,12902.0,No Promo,BABELITO COLONIA col.x105ml x1u ART.55122
12,7793970551247,1,6172.0,No Promo,BABE ACONDICIONADOR X200 ML x1u
12,7793970551285,1,4274.0,No Promo,BABELITO ACONDICONADOR c/MANZANILLA AC x200m ART.55128
12,7793970551315,3,7317.0,No Promo,BABE CREMA HUMECTANTE X200 x1u
12,7793970551346,1,3925.0,No Promo,BABELITO ALCOHOL c/ALOE VERA alco.gel x70ml RT.55134
12,7793970600235,15,7824.0,No Promo,BABELITO HISOPOS 100 UNIDADES
12,7793970701000,2,8105.0,No Promo,BABELITO ASPIRADOR NASAL 2 PICOS x1u 70100
12,7793970702908,3,10085.0,No Promo,BABELITO PRENDEDOR TRADICIONAL x1u ART.70290
12,7794066000014,10,8639.0,No Promo,FLUOROGEL ORIGINAL Menta x 60 g
12,7794066000144,8,8639.0,No Promo,FLUOROGEL CHIQUITOS x 60 g
12,7794066000168,10,9709.0,No Promo,FLUOROGEL TERAPEUTICO Menta x 60 g
12,7794066000267,12,8988.0,No Promo,FLUOROGEL BLANQUEADOR x 60 g
12,7794066000304,4,9709.0,No Promo,FLUOROGEL TERAPEUTICO Frutilla x 60 g
12,7794066000625,20,6479.0,No Promo,FLUOROGEL DIENTES SENSIBLES x 60 g
12,7794490630245,4,2049.0,No Promo,ETIQUET ROLIT CLASICO DESO.x60ml
12,7794626006371,5,17352.0,25%,PLENITUD FEMME NORMAL PLUS ANTIBACTERIAL 16 NIDADES
12,7794626007392,6,48171.0,25%,PLENITUD FEMME TOALLAS NOCTURNAS 20 UNIDADES
12,7794626010880,5,17352.0,25%,PLENITUD FEMME NORMAL PLUS ANTIBACTERIAL 16 NIDADES
12,7794626011498,1,4344.0,25%,PLENITUD FEMME ESCAPES PROTECTOR DIA X 20 UN DADES
12,7794626011504,6,48171.0,25%,PLENITUD FEMME TOALLAS NOCTURNAS 20 UNIDADES
12,7794626011597,7,4997.0,35%,KOTEX MINI TAMPONES DIGITALES 12 UNIDADES
12,7794626011733,11,7583.0,No Promo,KOTEX ESPECIAL CON ALAS TOALLITA FEMENINA 16 UNIDADES
12,7794640170386,1,8729.0,No Promo,PARODONTAX BLANQUEADOR cr.dental x 116 g
12,7794640171420,22,7452.0,No Promo,COREGA TABS tab.limp.x 30
12,7794640171444,18,8194.0,No Promo,COREGA TABS BLANQUEADOR tab.limp.x 30
12,7794640171703,16,7873.0,No Promo,ULTRA COREGA CREMA pomo x 40 g
12,7794640171710,21,4445.0,No Promo,ULTRA COREGA CREMA MENTA pomo x 20 g
12,7794640171734,37,4445.0,No Promo,ULTRA COREGA CREMA SIN SABOR pomo x 20 g
12,7794640171741,31,7873.0,No Promo,ULTRA COREGA CREMA SIN SABOR pomo x 40 g
12,7794640171758,25,11616.0,No Promo,ULTRA COREGA CREMA SIN SABOR pomo x 70 g
12,7794640171765,31,11616.0,No Promo,ULTRA COREGA CREMA MENTA pomo x 70 g
12,7794640172731,6,13360.0,No Promo,ULTRA COREGA MAXIMO SELLADO pomo x 70 g
12,7794640173028,22,7452.0,No Promo,COREGA TABS tab.limp.x 30
12,7794640173042,18,8194.0,No Promo,COREGA TABS BLANQUEADOR tab.limp.x 30
12,7794640173219,16,8194.0,No Promo,COREGA TABS PRO ORTODONCIA 30 TABLETA LIMPIE A
12,7794640173233,12,9065.0,No Promo,ULTRA COREGA MAX FIJACION Y FRESCURA CREMA A HERNTE 40GR
12,7794640173240,12,13360.0,No Promo,ULTRA COREGA MAX FIJACION Y FRESCURA CREMA A HERENTE 70GR
12,7794728001465,1,5464.0,No Promo,DEPIMIEL NATURAL PARA MICROONDA POTE 200GR
12,7794728011273,1,6329.0,No Promo,DEPIMIEL VEGETAL LATA X 200GR
12,7794728012560,1,4314.0,No Promo,DEPIMIEL BANDAS SENSITIVE CUERPO c/AC.ARGAN nv.x16g
12,7796235006506,2,2414.0,No Promo,PELLIZA ESPONJA DE BAO OLIMPIA REDONDA0650 e ponj.x1u 1451
12,7796235008258,3,3795.0,No Promo,PELLIZA ESPONJA VEGETAL CORTADA CH x1u ART.1 65
12,7796235008500,3,5817.0,No Promo,PELLIZA ESPONJA VEGETAL GDE x1u ART.1466
12,7796285279493,8,14650.0,20%,CALADRYL CUIDADOS INTENSIVOS PIEL SENSIBLE e ul.x corp. 400 ml
12,7796285288907,9,14650.0,20%,CALADRYL CUIDADOS INTENSIVOS PIEL DIABETICO mul.x corp. 400 ml
12,7796285288938,5,14650.0,20%,CALADRYL CUIDADOS INTENSIVOS PIEL DESHIDRAT mul.x corp. 400 ml
12,7796285288983,14,5490.0,20%,ADERMICINA CUIDADO FACIAL antiar.crx90g pcio imbat
12,7796285288990,5,5490.0,20%,ADERMICINA CUIDADO FACIAL unific.crx90g pcio imbat
12,7796285289003,11,5490.0,20%,ADERMICINA CUIDADO FACIAL humec.crx90g pcio mbat.
12,7796285289324,7,8080.0,35%,EVAGINA jab�n l�q. x 200 ml
12,7796285289331,14,8427.0,No Promo,EVAGINA gel pomo x 50 ml
12,7796285289348,6,11672.0,35%,EVAGINA espuma x 240 ml
12,7796285290740,15,4164.0,35%,EVAGINA toallitas h�medas x 20
12,7796285290856,4,4620.0,35%,EVAGINA DEO INTIMO aer. x 75 ml
12,7796285290863,5,10250.0,35%,EVAGINA SERUM INTIMO s�rum x 30 ml
12,7796285295073,1,11020.0,No Promo,KIT REGALO EVAGINA ader.h+evag.deo+evag.toa
12,7796285295608,2,8710.0,20%,CALADRYL CUIDADOS INTENSIVOS PIEL DESHIDRAT mul. corp. x 200 ml
12,7796733098232,3,814.0,No Promo,APPER CORTA PASTILLA
12,7797321016546,27,6249.0,No Promo,BONXEN REPELENTE SPRAY 200ML
12,7798008961937,49,837.0,No Promo,OTOWIL TRATAMIENTO CAPILAR ACEITE DE ALMENDR S 10CC
12,7798008963122,3,1700.0,No Promo,OTOWIL TRATAMIENTO CAPILAR  ACEITE DE ARGAN URO 10CC
12,7798008963443,65,4812.0,No Promo,OTOWIL KIT DOBLE
12,7798008963955,8,1005.0,No Promo,OTOWIL KERATINA ANTI FRIZZ CREMA 25GR
12,7798008963979,2,4302.0,No Promo,OTOWIL KERATINA ANTI FRIZZ SHAMPO 250GR
12,7798008963986,1,4682.0,No Promo,OTOWIL KERATINA ANTI FRIZZ ACONDICIONADOR 25 GR
12,7798008964037,20,1035.0,No Promo,OTOWIL TRATAMIENTO CAPILAR MINUTO CERO CREMA 25GR
12,7798008967762,34,951.0,No Promo,OTOWIL SOCORRO CAPILAR TRATAMIENTO CREMA 10C
12,7798008967854,2,629.0,No Promo,otowil efecto photoshop ba�o de crema sobre
12,7798008968004,43,945.0,No Promo,OTOWIL TRATAMIENTO CAPILAR ACEITE DE COCO CO QUINOA 10CC
12,7798008968608,19,1035.0,No Promo,OTOWIL CICATRIHAIR CON ACIDO HIALURONICO KER TINA CREMA 25GR
12,7798026347805,1,550.0,No Promo,ABIEN APOSITOS DE TELA 10 UNIDADES
12,7798028003617,1,1236.0,No Promo,LISFAR BALSAMO LABIAL CON MANTECA DE CACAO F UTOS ROJOS 4.7
12,7798028880768,1,24046.0,20%,SILFAB TENSIOMETRO ANEROIDE I1300
12,7798028880904,10,6137.0,No Promo,SILFAB JUEGO DE PIPETA NEBULIZADOR MASCARA - MANGUERA P62
12,7798028881697,3,90142.0,20%,SILFAB NEBULIZADOR A PISTON N27-A
12,7798028882595,1,42559.0,No Promo,SILFAB OXIMETRO PORTATIL 300CP
12,7798028882946,2,54757.0,20%,SILFAB BALANZA DIGITAL BAMBOO BE207
12,7798028883400,1,36040.0,20%,SILFAB BALANZA ELECTRONICA VIDRIO TURQUESA B 212
12,7798028883424,2,36346.0,No Promo,SILFAB OXIMETRO DE PULSO MD300CN330
12,7798028883769,2,95378.0,20%,SILFAB NEBULIZADOR ULTRASONICO N60
12,7798028884131,2,90797.0,20%,SILFAB NEBULIZADOR ULTRASONICO N61/ PICCOLO 6
12,7798028884230,2,43843.0,20%,SILFAB ALMOHADILLA TERMICA C/FUNDA DESMONTAB E CERVICAL AL92-GR
12,7798029012700,2,4401.0,No Promo,PELLIZA 1270 x1u
12,7798029013103,1,4442.0,No Promo,PELLIZA 1013B x1u
12,7798029013165,2,3369.0,No Promo,PELLIZA ESCOFINA PALETA DOBLE c/ESMERILADO x u ART.1316
12,7798029016715,1,2917.0,No Promo,PELLIZA PALITO NARANJO 1671 x1u
12,7798029052522,4,3754.0,No Promo,PELLIZA 5252 x1u
12,7798029078577,2,4154.0,No Promo,PELLIZA MASAJEADOR FACIAL TRANSPARENTE masaj x1u 7857B
12,7798029212704,5,3804.0,No Promo,PELLIZA CORTACUTICULA&REPUJADOR x1u ART.1270
12,7798029212711,1,3881.0,No Promo,PELLIZA REPUJADOR&LIMPIADOR x1u ART.1271
12,7798029212766,3,8102.0,No Promo,PELLIZA BEBE SET TIJERA+LIMA+CORTAUA set x3u 1276
12,7798029214777,2,416.0,No Promo,PELLIZA ESPONJA POMPON MARIPOSA c/CORDEL x1u ART.1477
12,7798029215149,2,5738.0,No Promo,PELLIZA VICHA TOALLA c/ABROJO blist.x1u 1514
12,7798029221317,6,10716.0,No Promo,PELLIZA GARLOPIN c/REPUESTO x1u ART.2131
12,7798029222086,3,6075.0,No Promo,PELLIZA ESCOFINA DOBLE METAL +ESMERIL+POMEZ+ EPILLO
12,7798029252434,2,2193.0,No Promo,PELLIZA PEINE CAREY BOLSILLO blist.x1u 5243
12,7798029260019,1,2165.0,No Promo,PELLIZA CISNE ESPONJA VEGETAL REDONDO x1u AR .0016
12,7798029260101,1,3445.0,No Promo,PELLIZA ESCOFINA DOBLE x1u ART.1319
12,7798029260248,1,2285.0,No Promo,PELLIZA LIMA CAREY SHAPPIRE blist.x1u 7844
12,7798029260262,1,20314.0,No Promo,PELLIZA ALICATE CORTAUAS x1u ART.2101
12,7798029261207,3,4287.0,No Promo,PELLIZA PIEDRA POMEZ c/CORDON RECTANGULAR GD x1u ART.1871
12,7798029261245,2,2898.0,No Promo,PELLIZA GUANTE EXFOLIANTE x1u ART.1630
12,7798029262358,11,2883.0,No Promo,PELLIZA CORTACUTICULA CH blist.x1u 7553
12,7798029262969,3,3159.0,No Promo,PELLIZA GUANTE EXFOLIANTE DECORADO x1u ART.1 35
12,7798029265618,4,2836.0,No Promo,PELLIZA CORTAUA GDE x1u ART.7561
12,7798029265694,1,6541.0,No Promo,PELLIZA CEP.MANGO GOMA WHITE&BLUE x1u ART.90 8
12,7798029266707,2,1713.0,No Promo,PELLIZA PALITO p/CERA blist.x3u 1670
12,7798029275600,5,3480.0,No Promo,PELLIZA CORTAUA blist.x1u 7560
12,7798029275617,1,5934.0,No Promo,PELLIZA CORTA U�AS GDE 7561 x1u
12,7798029277628,2,2682.0,No Promo,PELLIZA JABONERA ESMERILADA x1u ART.7762
12,7798029278632,4,2284.0,No Promo,PELLIZA PASTILLERO 7863 x1u
12,7798029279721,2,2209.0,No Promo,PELLIZA UAS STICKER FRANCESA caja x70u 7972
12,7798029281052,1,1511.0,No Promo,PELLIZA PORTACEP.p/DIENTES PLASTICO GDE x1u RT.8105
12,7798029281069,6,2148.0,No Promo,PELLIZA PORTACEP.p/DIENTES TRANPARENTE env.x u 8106
12,7798029281076,5,1511.0,No Promo,PELLIZA PORTACEP.p/DIENTES PLASTICO GDE x1u RT.8107
12,7798029281083,1,1146.0,No Promo,PELLIZA SEPARADOR DEDO x2u ART.8108
12,7798029283568,2,4419.0,No Promo,PELLIZA COSTAPASTILLA BLANCO x1u 8356
12,7798029283582,3,7215.0,No Promo,PELLIZA PASTILLERO +TRITURADOR +CORTAPAST. p st.x1u 8358
12,7798029290986,3,10362.0,No Promo,PELLIZA CEPILLO OVAL BLUE 9098
12,7798029299712,1,9235.0,No Promo,PELLIZA CEP.PELO MADERA 20mm REDONDO MD cep. 1u 9971
12,7798032936765,9,8315.0,No Promo,FLUOROGEL JUNIOR tutti frutti x 60 g
12,7798032936772,10,8315.0,No Promo,FLUOROGEL JUNIOR menta x 60 g
12,7798032936775,9,8315.0,No Promo,FLUOROGEL JUNIOR tutti frutti x 60 g
12,7798032936796,13,8747.0,No Promo,FLUOROGEL PROTECT x 60 g
12,7798034740537,15,6390.0,No Promo,GRIMBERG BUCAL TAC PERIOSTICKS PALILLOS INTE DENTALES TRIANGULARES 30
12,7798034740612,8,6990.0,No Promo,GRIMBERG BUCAL TAC CAJA CONTENEDORA ADULTO P OTECTORA 1 UNIDAD 9711
12,7798034742760,2,6490.0,No Promo,GRIMBERG BUCAL TAC TABLETAS LIMPIADORAS EFER ECENTES 12 UNIDADES B706
12,7798034744757,3,4790.0,No Promo,GRIMBERG BUCAL TAC SERIE 2 2X1 CEPILLO DENTA 2 UNIDADES B757
12,7798034746362,3,6990.0,No Promo,GRIMBERG BUCAL TAC CAJA CONTENEDORA KIDS PRO ECTORA 1 UNIDAD 09710
12,7798034749240,4,8490.0,No Promo,GRIMBERG BUCAL TAC MINAMINT SPEARMINT SPRAY UCAL 9ML B3100
12,7798034749257,3,8490.0,No Promo,GRIMBERG BUCAL TAC MINAMINT FRESHMINT SPRAY UCAL 9ML B3102
12,7798034749622,1,9990.0,No Promo,GRIMBERG BUCAL TAC HYPER SENSITIVE GEL 100GR 6070
12,7798034749943,6,4790.0,No Promo,GRIMBERG BUCAL TAC SERIE 3 2X1 CEPILLO DENTA 2 UNIDADES
12,7798034749950,2,4790.0,No Promo,GRIMBERG BUCAL TAC SERIE 4 2X1 CEPILLO DENTA 2 UNIDADES
12,7798051852497,1,50497.0,25%,PROAVENAL OMEGATOPIC barra limp.x 3u x 100 g
12,7798051853111,2,33391.0,25%,PANADERM loci�n x 250 ml
12,7798051853234,2,40986.0,25%,CLEANEX LIMPIADOR gel x 150 g
12,7798051853371,1,54531.0,25%,PANADERM AE emuls.x 500 ml
12,7798051853838,3,40986.0,25%,CLEANEX EXFOLIANTE gel x 150 g
12,7798051853845,2,53492.0,25%,PANADERM AE cr.x 500 g
12,7798074284541,2,14000.0,No Promo,ZONA LIBRE REPELENTE DE INSECTOS cr.para beb� x 40 ml
12,7798082301407,1,10770.0,No Promo,LENOX PROTEC.JUANETE GEL PURO SIMPLE ESPESOR x2u ART.8140 T1
12,7798090010070,2,4470.0,No Promo,PELLIZA PINZA p/DEPILAR MACIZA x1u ART.1899
12,7798095330401,1,20333.0,No Promo,LUMISOL GEL X 30GR
12,7798095410233,1,29900.0,No Promo,AVENE AGUA TERMAL env.x150ml
12,7798095415214,1,51750.0,No Promo,AVENE SPF50 COMPACTO DORADO PIEL INTOLERANT. env.x10gr (LB)
12,7798097320066,1,7590.0,No Promo,DENTIFIX cr.adh.ext.fuertex40g
12,7798097326679,1,6490.0,No Promo,DENTIFIX tabletas x 12
12,7798122341394,8,8650.0,No Promo,VIASEK GEL VAGINAL pomo x 40 ml
12,7798122341417,7,10100.0,No Promo,VIASEK ESPUMA PH3.5 fco. x 75 ml (66gr)
12,7798122341424,4,10100.0,No Promo,VIASEK ESPUMA PH6.8 fco. x 75 ml (66gr)
12,7798122341547,5,7790.0,No Promo,VIASEK GEL VAGINAL sob. x 12 x 2 ml
12,7798122341561,5,4640.0,No Promo,VIASEK TOALLITAS sob.c/16 toall. h�m. x 1
12,7798122341578,3,22520.0,No Promo,VIASEK REPAIR gel x 30 ml
12,7798122341714,2,6095.0,No Promo,VIASEK TEENS ESPUMA fco. x 150 ml
12,7798122341738,3,4380.0,No Promo,VIASEK EXPRESS ESPUMA fco. x 60 ml
12,7798122341783,12,22070.0,No Promo,VIASEK MENOCARE GEL fco. airless x 100 ml
12,7798122341790,6,19920.0,No Promo,VIASEK MENOCARE CAPSULAS estuche x 32 c�ps.
12,7798122341806,2,6615.0,No Promo,VIASEK GEL VAGINAL fco. airless x 25 ml
12,7798131603018,14,1610.0,No Promo,INFLUENCIA JABON LIQUIDO VAINILLA Y COCO 250 L
12,7798131603025,2,2200.0,No Promo,INFLUENCIA JABON LIQUIDO FRUTOS DEL BOSQUE 2 0ML
12,7798131603339,7,5684.0,No Promo,INFLUENCIA REPELENTE DEET 25% 200ML
12,7798131606897,63,4746.0,No Promo,INFLUENCIA REPELENTE 6HS SPRAY 200ML
12,7798140250371,4,20711.0,No Promo,CICATRICURE Beauty Care cr.x 50 g
12,7798140251910,3,13260.0,No Promo,GOICOECHEA cr.diabetex x 400 g
12,7798140252351,1,26663.0,No Promo,CICATRICURE ANTI-MANCHAS Cr.x 50 g
12,7798140253952,1,15660.0,No Promo,GOICOECHEA criolip.3D gel x 200 ml
12,7798140254546,1,7877.0,No Promo,ASEPXIA Bicarbon.ag.micel.x400ml
12,7798140255598,2,9162.0,No Promo,ASEPXIA GEN gel facial x 200 ml
12,7798140255611,1,12024.0,No Promo,ASEPXIA GEN microexfol. x 100 g
12,7798140255628,3,10176.0,No Promo,ASEPXIA GEN cr.matificant x 50 g
12,7798140256120,5,36768.0,No Promo,CICATRICURE GOLD LIFT Serum x 30 ml
12,7798140256779,4,9496.0,No Promo,TIO NACHO acond.herbol.mil.V2 x415
12,7798140257516,5,28412.0,No Promo,CICATRICURE PORCELANA facial peel x 30 ml
12,7798140257523,6,28412.0,No Promo,CICATRICURE PORCELANA crema gel x 50 g
12,7798140259398,1,33206.0,No Promo,CICATRICURE GOLD LIFT Noche cr.x 50 g
12,7798142356385,2,8217.0,No Promo,GUM CLASSIC 311 SUAVE CEPILLO DENTAL 2 UNIDA ES
12,7798149753408,2,2190.0,No Promo,ABIEN PANUELOS DESCARTABLES 6X10 UNIDADES
12,7798149753422,1,2390.0,No Promo,ABIEN PA�UELOS DESCARTABLE  75 UNIDADES
12,7798151716033,1,6777.0,No Promo,GELFORM ANILLO PURO DE GEL blist.x1u 0017(GD
12,7798158482474,13,4490.0,No Promo,GRIMBERG BUCAL TAC CERA PARA ORTODONCIA BARR TAS SIN SABOR 20% 6 UNID
12,7798158482481,7,4490.0,No Promo,GRIMBERG BUCAL TAC CERA PARA ORTODONCIA BARR TAS SABOR MENTA 20% 6 UN
12,7798158485352,1,9580.0,No Promo,GRIMBERG BUCAL TAC PACK FAMILIAR CEPILLO DEN AL  4X2 CEPILLO DENTAL 4
12,7798158485581,5,8490.0,No Promo,GRIMBERG BUCAL TAC ALIGNER ICY MINT DESODORA TE BUCAL 9ML
12,7798158485611,7,8490.0,No Promo,GRIMBERG BUCAL TAC MINAMINT CINNAMINT SPRAY UCAL 9ML B3112
12,7798158485628,3,8490.0,No Promo,GRIMBERG BUCAL TAC MINAMINT MINT AND GINGER PRAY BUCAL 9ML B3113
12,7798158489398,4,4790.0,No Promo,GRIMBERG BUCAL TAC COVER CAPUCHONES PARA CEP LLOS DENTALES 4 UNIDADES
12,7798173570101,1,20300.0,No Promo,ECOHAIR REPARADOR CAPILAR B�lsamo acond.x 20 ml
12,7798178623307,2,35200.0,No Promo,EXIMIA HYDRA LEGERE airless x50ml
12,7798178623826,2,43600.0,No Promo,EXIMIA HYALU-C CONCENTRE got. x 15 ml
12,7798178623949,1,37800.0,No Promo,EXIMIA HYDRA LEGERE AQUA GEL Airless env.x 5 g
12,7798182770042,2,31400.0,No Promo,CEPAGE ACNEIQUE CREMA GEL 40G
12,7798182770325,1,31600.0,No Promo,CEPAGE ACNEIQUE MAT envx40 g
12,7798182770332,1,26800.0,No Promo,CEPAGE ACNEIQUE GEL X200G
12,7798182770349,1,46000.0,No Promo,CEPAGE TENSEUR HA B5 SERUM FACIAL 30ML
12,7798182770370,2,40600.0,No Promo,CEPAGE TENSEUR CREMA CONTORNO DE OJOS AIRLNE S 15ML
12,7798182770844,1,29000.0,No Promo,ATOPHEN FLUIDE emuls.fluida x 50 g
12,7798182770875,4,21600.0,No Promo,CEPAGE HYDRAFIRM H20 SOLUCION MICELAR SENSIB E 245ML
12,7798182771209,1,37200.0,No Promo,CEPAGE RENOVATEURS GLICOLICO 5X50 G
12,7798182771261,1,44200.0,No Promo,CLARITE TX serum x 30 ml
12,7798187600320,15,9500.0,No Promo,PURA SOAP HERBAL EUCALIPTUS SPRAY 75ML
12,7798187600412,11,9500.0,No Promo,PURA SOAP HERBAL LAVANDA SPRAY 75ML
12,7798187600429,11,9500.0,No Promo,PURA SOAP HERBAL PALO SANT
12,7798187600764,7,9500.0,No Promo,PURA SOAP ALEGRA HERBAL NARANJA SPRAY 75ML
12,7798187601006,6,9500.0,No Promo,PURA SOAP BODY MIST THE PURE CITRICO 75ML
12,7798187601013,5,9500.0,No Promo,PURA SOAP BODY MIST AUDACE DULCE X 75ML
12,7798187601020,7,9500.0,No Promo,PURA SOAP BODY MIST LE FLEURS FLORAL X 75ML
12,7798187601051,6,26500.0,No Promo,PURA SOAP ULTRA PROTECTOR FACIAL FLUIDO SPF6 COLOR LAGHT CREMA 30ML
12,7798187601068,5,26500.0,No Promo,PURA SOAP ULTRA FACIAL PROTECTOR SPF60
12,7798187601075,4,26500.0,No Promo,PURA SOAP ULTRA PROTECTOR FACIAL FLUIDO SPF6 COLOR BROZE CREMA 30ML
12,7798187601112,3,14990.0,No Promo,PURA SOAP THE PURE KIT
12,7798187601129,3,14990.0,No Promo,PURA SOAP AUDACE  KIT
12,7798187601136,2,7299.0,No Promo,PURA SOAP TUTTI FRUTTI BALSAMO LABIAL 3.5
12,7798187601143,5,7299.0,No Promo,PURA SOAP CHERRY BALSAMO LABIAL 3.5
12,7798187601174,3,15500.0,No Promo,PURA SOAP CREMA CORPORAL VEGETAL DE CASTANAS 300ML
12,7798187601181,4,15500.0,No Promo,PURA SOAP CREMA CORPORAL VEGETAL DE COCO 300 L
12,7798187601204,3,15500.0,No Promo,PURA SOAP CREMA CORPORAL VEGETAL DE GALDERNI 300ML
12,7798187601211,6,15500.0,No Promo,PURA SOAP CREMA CORPORAL VEGETAL DE PAPAYA 3 0ML
12,7798187601242,4,7299.0,No Promo,PURA SOAP CHOCOLATE BALSAMO LABIAL 3.5
12,7798187601310,3,7890.0,No Promo,PURA SOAP PAPAYA MANOS Y UNAS CREMA 40ML
12,7798187601365,3,7890.0,No Promo,PURA SOAP COCO MANOS Y UNAS CREMA 40ML
12,7798187601372,3,7890.0,No Promo,PURA SOAP CASTANAS MANO Y UNAS CREMA 40ML
12,7798339190280,8,3710.0,20%,ESPADOL SKIN CARE JABON LIQUIDO 250ML
12,7798339190389,2,7188.0,25%,VEET EASY-GEL CERA DEPILATORIA BANDAS AXILAS Y BIKINI 16 UNIDADES
12,7798343750203,1,2000.0,2x1,INTEGRA CAJU Y ARANDANOS BARRA DE CEREAL 41G
12,7798343750326,1,1700.0,No Promo,INTEGRA GIRASOL Y ARANDANOS BARRA DE CEREAL 1GR
12,7798343751002,2,2000.0,2x1,INTEGRA BANANA BARRA DE CEREAL 40GR
12,7798343751019,1,2000.0,2x1,INTEGRA CAJU Y ARANDANOS BARRA DE CEREAL 41G
12,7798343751033,1,1700.0,No Promo,INTEGRA GIRASOL Y ARANDANOS BARRA DE CEREAL 1GR
12,7798343751248,2,2000.0,2x1,INTEGRA BANANA BARRA DE CEREAL 40GR
12,7798343751262,1,1700.0,No Promo,INTEGRA GIRASOL Y ARANDANOS BARRA DE CEREAL 1GR
12,7798382382205,2,8704.0,No Promo,OTOWIL SOCORRO TRATAMIENTO CAPILAR 120ML
12,7798382383776,9,130.0,No Promo,OTOWIL SHAMPOO CON MANTECA DE KARITE SOBRE 1 GR
12,7798382383813,22,130.0,No Promo,OTOWIL ACONDICIONADOR CON MANTECA DE KARITE OBRE 10G
12,7798382384575,7,7639.0,No Promo,OTOWIL PROTECTOR TERMICO CON ACEITE DE ARGAN SPRAY 180ML
12,7798382384582,7,13907.0,No Promo,OTOWIL CERA EN BARRA EFECTO SUAVE Y NATURAL UBO 75GR - 21110
12,7804900000251,1,9065.0,No Promo,ULTRA COREGA MAX FIJACION Y SELLADO CREMA AD ESIVA 40GR
12,7805010002135,4,9462.0,25%,VEET CREMA DEPILATORIA AXILA&BIKINI PS x100m
12,7891010245566,3,3777.0,No Promo,OB SIEMPRE LIBRE ORIGINAL CURVO SUPER TAMPON 8 UNIDADES
12,7891010247799,3,3777.0,No Promo,OB SIEMPRE LIBRE ORIGINAL CURVO MINI TAMPON UNIDADES
12,7891010249861,2,33655.0,No Promo,NEUTROGENA BRIGHT BOOST FACIAL GEL CREMA 50G
12,7891010251024,1,4505.0,No Promo,JOHNSON BABY TOALLITAS HUMEDAS DE LA CABEZA LOS PIES X 44 UNIDADES
12,7891010253820,2,13639.0,No Promo,NEUTROGENA INTENSIVE ANTI EDAD FPS22 CREMA F CIAL 100GR
12,7891010254476,1,6208.0,No Promo,LISTERINE FRESHBURST FRESCURA SUAVE  ENJUAGU BUCAL X 250ML
12,7891010254582,2,10442.0,No Promo,LISTERINE CUIDADO TOTAL ENJUAGUE BUCAL X 500 L
12,7891010254766,3,3777.0,No Promo,OB SIEMPRE LIBRE ORIGINAL CURVO MINI TAMPON UNIDADES
12,7891010254773,1,3777.0,No Promo,OB SIEMPRE LIBRE ORIGINAL CURVO MEDIO TAMPON 8 UNIDADES
12,7891010254780,3,3777.0,No Promo,OB SIEMPRE LIBRE ORIGINAL CURVO SUPER TAMPON 8 UNIDADES
12,7891010255329,1,6208.0,No Promo,LISTERINE FRESHBURST FRESCURA SUAVE  ENJUAGU BUCAL X 250ML
12,7891010255367,2,10442.0,No Promo,LISTERINE CUIDADO TOTAL ENJUAGUE BUCAL X 500 L
12,7891010256159,2,26816.0,No Promo,NEUTROGENA SUN FRESH HYDRO BOOST TONO CLARO FPS50 CREMA 40ML
12,7891010256166,3,26816.0,No Promo,NEUTROGENA SUN FRESH HYDRO BOOST TONO MEDIO PS50 CREMA 40ML
12,7891010560737,2,2319.0,No Promo,JOHNSON COTONETES FLEXIBLES X 75UNIDADES
12,7891010568757,4,6612.0,No Promo,JOHNSON BABY EXTRA CUIDADO TOALLITAS HUMEDAS 48 UNIDADES
12,7891010599294,1,4024.0,No Promo,SIEMPRE LIBRE ADAPT PLUS NOCHE Y DIA SUAVE C N ALAS TOALLA FEMENINA 8
12,7891010606497,3,4027.0,No Promo,SIEMPRE LIBRE ADAPT PLUS ULTRA FINA SUAVE CO ALAS TOALLA FEMENINA 8
12,7891010619435,2,10442.0,No Promo,LISTERINE CUIDADO TOTAL ENJUAGUE BUCAL X 500 L
12,7891010882990,2,24538.0,30%,NEUTROGENA HYDRO BOOST OJOS gel x50ml
12,7891010959647,1,4024.0,No Promo,SIEMPRE LIBRE ADAPT PLUS NOCHE Y DIA SUAVE C N ALAS TOALLA FEMENINA 8
12,7891024005064,99,8868.0,No Promo,COLGATE LUMINOUS WHITE BRILLIANT CREMA DENTA 140GR
12,7891024020180,4,7202.0,25%,ELMEX ANTICARIES CEPILLO DENTAL 1 UNIDAD
12,7891024027363,1,1540.0,No Promo,COLGATE PLAX HIELO INFINITO ENJUAGUE BUCAL 6 ML
12,7891024028018,5,6063.0,No Promo,COLGATE TOTAL12 CLEAN MINT ENJUEGUE BUCAL 25 ML
12,7891024028834,5,6063.0,No Promo,COLGATE TOTAL12 CLEAN MINT ENJUEGUE BUCAL 25 ML
12,7891024030813,8,6503.0,No Promo,COLGATE PRO ALIVIO ENJUEGUE BUCAL 250ML
12,7891024034897,18,1200.0,2x1,PALMOLIVE NUTRI MILK JABON 1 UNIDAD
12,7891024068007,4,6505.0,No Promo,COLGATE ORTHOGARD CEPILLO DENTAL 1 UNIDAD
12,7891024073001,1,4081.0,No Promo,COLGATE BATMAN Y MUJER MARAVILLA +6A PACKS 2 1 CEPILLO DENTAL 2U
12,7891024073070,4,5208.0,No Promo,COLGATE SLIMSOFT CARBON ACTIVADO SUAVE CEPIL O DENTAL 1 UNIDAD
12,7891024134429,4,4436.0,No Promo,COLGATE SENSITIVE WHITENING CREMA DENTAL 100 R
12,7891024179437,16,8702.0,No Promo,COLGATE LUMINOUS WHITE PLAX  ENJUAGUE BUCAL 00ML
12,7891024183021,2,2601.0,No Promo,COLGATE MENTA HILO DENTAL 50ML
12,7891024183120,10,3025.0,No Promo,COLGATE PACK 2X1 HILO DENTAL 50M
12,7891150017337,6,6667.0,No Promo,DOVE OLEO NUTRICION ACONDICIONADOR 400ML
12,7891150017368,5,6667.0,No Promo,DOVE OLEO NUTRICION SHAMPOO 400ML
12,7891150017375,1,3824.0,No Promo,DOVE OLEO NUTRICION ACONDICIONADOR 200ML
12,7891150017849,24,4811.0,25%,DOVE ORIGINAL BLANCO JABON LIQUIDO 250ML
12,7891150019560,6,1855.0,No Promo,DOVE DELICIOUS KERATINE Y VAINILLA JABON 90G 1 UNIDAD
12,7891150025967,4,5546.0,25%,DOVE BABY SENSIBLE JABON LIQUIDO 200ML
12,7891150025981,8,5546.0,25%,DOVE BABY ENRIQUECIDO JABON LIQUIDO 200ML
12,7891150025998,19,1806.0,25%,DOVE BABY SENSIBLE JABON 75GR 1 UNIDAD
12,7891150026025,9,1806.0,25%,DOVE BABY ENRIQUECIDO HIDRATANTE JABON 75GR UNIDAD
12,7891150029309,9,5067.0,No Promo,DOVE NUTRICION LECHE DE COCO JABON LIQUIDO 2 0ML
12,7891150035874,8,3887.0,25%,DOVE BABY ENRIQUECIDO JABON LIQUIDO RESPUEST 200ML
12,7891150035881,8,3887.0,25%,DOVE BABY SENSIBLE JABON LIQUIDO RESPUESTO 2 0ML
12,7891150040182,4,5388.0,No Promo,SEDAL RIZOS DEFINIDOS CREMA PARA PEINAR  X 3 0ML
12,7891150050488,3,6667.0,No Promo,DOVE HIDRATACION INTENSA SHAMPOO 400ML
12,7891150053120,1,6667.0,No Promo,DOVE RITUAL REPARACION ACONDICIONADOR 400ML
12,7891150053151,1,3786.0,No Promo,DOVE RITUAL REPARACION ACONDICIONADOR 200ML
12,7891150055223,10,6667.0,No Promo,DOVE NUTRICION OLEO MICELAR SHAMPOO 400ML
12,7891150058095,3,5822.0,No Promo,SEDAL MASCARA CAPILAR HIDRATAX300G
12,7891150060869,1,4740.0,No Promo,DOVE SUPER FACTOR NUTRIC ACONDICIONADOR 50 170ML
12,7891150061330,2,7390.0,30%,TRESEMME BRILLO LAMELAR SHAMPOO 500ML ATOMIZ DOR
12,7891150064300,7,6057.0,40%,REXONA CLINICAL WOM EXTRA DRY DESODORANTE 15 ML
12,7891150066069,1,5837.0,No Promo,DOVE 1MINUTO FACTOR NUTRICION 80 masc.x300g
12,7891150068735,5,6057.0,40%,REXONA CLINICAL MEN  SPORT DESODORANTE 96HS 50ML
12,7891150075382,2,1855.0,No Promo,DOVE JAB CUIDA PROTEGE 48X90G
12,7891150079168,1,5102.0,No Promo,DOVE PODER DE LAS PLANTAS MASC NUTRICION+GER NIO X 190GR
12,7891150079175,1,5102.0,No Promo,DOVE PODER DE LAS PLANTAS MASC FUERZA+BAMBU 190GR
12,7891150081062,2,7010.0,70%,DOVE REAL PODER FUERZA+BAMBU SHAMPOO 300ML
12,7891150081093,2,7010.0,70%,DOVE REAL PODER FUERZA+BAMBU ACONDICIONADOR 00ML
12,7891150082656,3,6667.0,No Promo,DOVE HIDRATACION INTENSA SHAMPOO 400ML
12,7891150082663,10,6667.0,No Promo,DOVE NUTRICION OLEO MICELAR SHAMPOO 400ML
12,7891150087453,4,12525.0,No Promo,TRESEMME HYDRA OIL SPRAY 120ML
12,7891150087477,2,3009.0,No Promo,TRESEMME TECTURIZADOR DEFINE GEL 200GR
12,7891150087675,2,6975.0,40%,TRESEMME HIDRATACION PRO ACTIVA MASCARA TRAT MIENTO 300GR
12,7891150088887,38,6556.0,2do50%,LUX BROMELIA GLICERINA JABON LIQUIDO 300ML
12,7891150088894,40,6556.0,2do50%,LUX MANZANILLA GLICERINA JABON LIQUIDO 300ML
12,7891150089952,12,6057.0,40%,REXONA CLINICAL WOM REFRESH DESODORANTE 96H 50ML
12,7891150089983,12,6057.0,40%,REXONA CLINICAL MEN ANTI TRANSPIRANTE INTENS FRESH DESODORANTE 150ML
12,7891150094390,3,9786.0,30%,TRESEMME BRILLO LAMELAR SERUM DE TRATAMIENTO 170ML
12,7891150094482,1,9602.0,30%,TRESEMME FINISHER OLEO 60ML
12,7891150095618,4,1855.0,No Promo,DOVE PIEL SENSIBLE JABON 90GR 1 UNIDAD
12,7891150097124,1,14616.0,30%,DOVE BOND INTENSE REPAIR OLEO TRATAMIENTO CA ILAR 110ML
12,7891150097131,6,12411.0,No Promo,DOVE BOND INTENSE REPAIR MASCARA TRATAMIENTO CAPILAR 250GR
12,7891150097148,3,7271.0,30%,DOVE BOND INTENSE REPAIR ACONDICIONADOR 250M
12,7891150099906,6,8352.0,30%,SEDAL LUMINOUS UV SERUM 110ML
12,7891182996310,1,3050.0,No Promo,RISQUE ESM.OSCUROS env.x8ml550(TURMALINA)
12,7898422746759,176,1855.0,No Promo,DOVE ORIGINAL BLANCO JABON 90GR 1 UNIDAD
12,7898422746827,20,1855.0,No Promo,DOVE EXFOLIACION DIARIA JABON 90GR 1 UNIDAD
12,7899026483002,2,16049.0,40%,ELVIVE OLEO EXTRAORDINARIO CAPILAR 100ML
12,7899706158213,1,104727.0,No Promo,LRP HYALU B5 SERUM fco.x30ml
12,8000587006503,1,7675.0,No Promo,PELLIZA GARLOPIN rep.x1u 1484
12,8002990292092,5,8415.0,25%,VEET CREMA DEPILATORIA PN x100ml
12,8002990292139,8,8415.0,25%,VEET SILKY FRESH CREMA DEPILATORIA 100ML
12,8007403112592,1,75199.0,No Promo,BELLISSIMA PLANCHA CERAMIC LONG PLATES x1u 11259(3262)
12,8410104882143,2,7188.0,25%,VEET EASY-GEL CERA DEPILATORIA BANDAS AXILAS Y BIKINI 16 UNIDADES
12,8411061020692,1,44770.0,No Promo,ANTONIO BANDERAS BLUE SEDUCTION MEN ESTUCHE DT 100ML
12,8411061067543,1,53790.0,No Promo,ANTONIO BANDERAS COFRE THE ICON MEN EDT 100M
12,8411061074459,1,53790.0,No Promo,ANTONIO BANDERAS COFRE THE ICON MEN EDT 100M
12,8411061091586,1,44770.0,No Promo,ANTONIO BANDERAS BLUE SEDUCTION MEN ESTUCHE DT 100ML
12,8411061092033,1,53790.0,No Promo,ANTONIO BANDERAS COFRE THE ICON MEN EDT 100M
12,8411061913024,1,39900.0,No Promo,ANTONIO BANDERAS POWER OF SEDUCTION MEN EDT 00ML
12,8413600516017,8,8415.0,25%,VEET SILKY FRESH CREMA DEPILATORIA 100ML
12,8429420139237,1,67359.0,No Promo,ISDIN FOTOPROTECTOR ULTRA AGE REPARE WATER f uido x50ml
12,8429420154186,1,55630.0,No Promo,ISDIN FOTOPROTECTOR FUSION WATER 50+ COLOR f uido x50ml
12,8429420160613,1,67359.0,No Promo,ISDIN FOTO ULTRA AGE REPAIR COLOR 50+ X50 ML
12,8429420161214,1,62015.0,No Promo,ISDIN FOTOPROTECTOR FPS50+ CREMA EN GEL 250M
12,8429420188020,2,87321.0,No Promo,ISDIN FOTOPROTECTOR 50+ PEDIATRICS WET SKIN nv.x200ml(TS)
12,8429420190986,1,67359.0,No Promo,ISDIN FOTOPROTECTOR ULTRA AGE REPARE WATER f uido x50ml
12,8429420226265,3,55630.0,No Promo,ISDIN FOTOPROTECTOR FUSION WATER COLOR LIGHT SPF 50+ 50ML
12,8429420251984,1,62015.0,No Promo,ISDIN FOTOPROTECTOR FPS50+ CREMA EN GEL 250M
12,8470001915528,1,37003.0,No Promo,ISDIN FORTALECEDOR DE U�AS
12,8710103917656,2,19999.0,No Promo,PHILIPS ONEBLADE CUCHILLA DE RECAMBIO PACK S MPLE QP210/51
12,8710103963905,1,22399.0,No Promo,AVENT NUEVO! CHUPETES SOOTHIE X2U 0-6M ROSA
12,8720689016063,2,19999.0,No Promo,PHILIPS ONEBLADE CUCHILLA DE RECAMBIO PACK S MPLE QP210/51
12,8904150127438,3,2000.0,2x1,LADDU BAR FRUTOS ROJOS 30GR
12,8906038782043,1,7599.0,No Promo,SRI SRI SUDANTA AYURVEDICA LIBRE DE FLUOR PA TA DENTAL 100GR
12,8906038788601,2,2000.0,2x1,LADDU BAR BROWNIE 30GR
12,8906038788649,4,2000.0,2x1,LADDU BAR COCO Y CHOCOLATE 30GR
